{"type":"FeatureCollection","features":[{"type":"Feature","properties":{"name":"Kota Sumenep","kode_kec":"35.29.01"},"geometry":{"type":"Polygon","coordinates":[[[113.87098342500008,-7.033043520999968],[113.86741157000006,-7.03132601599998],[113.86687866700004,-7.031297212999959],[113.86667323300003,-7.0318488859999775],[113.86613313300006,-7.031141711999965],[113.86402897000005,-7.030724344999953],[113.86344812700008,-7.029528847999927],[113.86230507800008,-7.030167158999973],[113.86138302900008,-7.028852968999956],[113.85992300900011,-7.029276959999947],[113.85819698300008,-7.02868697699995],[113.85869800800003,-7.027405009999939],[113.85820600500006,-7.02725996099997],[113.85833800400007,-7.02684697199993],[113.85493901300003,-7.025816965999979],[113.85671106000007,-7.022297369999933],[113.85381479800003,-7.021749598999975],[113.85349018600004,-7.02203848399995],[113.85375398300005,-7.016677026999957],[113.85139601600008,-7.015996985999948],[113.85034298300002,-7.01456701799998],[113.84914996700002,-7.014971995999929],[113.84792199500009,-7.014632033999931],[113.84847397600004,-7.013912983999944],[113.84926697200001,-7.010497956999927],[113.84699901500005,-7.010341979999964],[113.84651403400005,-7.009753967999927],[113.84557105800002,-7.010367472999974],[113.84472402900008,-7.009249018999981],[113.84506700000009,-7.008062956999936],[113.84450396600005,-7.0073419929999545],[113.84525002300006,-7.006716978999975],[113.84590900300009,-7.003071965999936],[113.84337001100005,-7.002100994999978],[113.84317103400008,-7.00139398999994],[113.84170201600011,-7.000374977999968],[113.84087903200009,-6.9975299569999265],[113.84128396100004,-6.994947970999931],[113.84065696900007,-6.99349803299998],[113.8407189830001,-6.992235981999954],[113.84593098200003,-6.990433983999935],[113.84849501300005,-6.987699027999952],[113.84998399400001,-6.986975042999973],[113.85066498700007,-6.985450001999936],[113.85220753400006,-6.9861654149999595],[113.85259389300006,-6.987915442999963],[113.8541978080001,-6.9873295639999355],[113.85697851000009,-6.987270330999934],[113.85780397000008,-6.986736970999971],[113.85926827600008,-6.987343238999927],[113.86068503100012,-6.985170030999939],[113.86181199400005,-6.984720022999966],[113.86239655800011,-6.985207895999963],[113.8642290040001,-6.982734043999926],[113.86942219100001,-6.9840644879999445],[113.87058745800005,-6.983166044999962],[113.87216672200009,-6.983033401999933],[113.87247337200006,-6.9822166359999756],[113.87381240900004,-6.981992026999933],[113.8760518260001,-6.9844598749999705],[113.87733374900006,-6.984174690999964],[113.88084913800003,-6.9847378139999705],[113.88169482300009,-6.984224377999965],[113.8822917760001,-6.984555625999974],[113.88450120700008,-6.9838569619999475],[113.88488259400003,-6.983045405999974],[113.88627548500006,-6.98324415299993],[113.89012251700001,-6.9821510349999585],[113.89086870800008,-6.982647906999944],[113.89213097000004,-6.982415957999933],[113.89174097700004,-6.982772981999972],[113.89168098300001,-6.985166971999945],[113.89095999000006,-6.98520500199993],[113.89047003100006,-6.9860150059999455],[113.89178398800004,-6.987804030999939],[113.8916930040001,-6.988830994999944],[113.89261598700011,-6.9900649969999336],[113.89291000800006,-6.989863022999941],[113.89366201200005,-6.990525026999933],[113.893846972,-6.991573958999936],[113.89466401200002,-6.991924016999974],[113.89516898600004,-6.991373971999963],[113.894733986,-6.991154980999966],[113.8949199860001,-6.990580973999954],[113.89563098300005,-6.991231030999927],[113.89640600500002,-6.9908970179999415],[113.89763700900005,-6.991161960999932],[113.89819802500006,-6.9917690349999475],[113.89993102200003,-6.991847966999956],[113.90045997300001,-6.992502024999965],[113.90029198900004,-6.993034008999928],[113.8994879930001,-6.992974016999938],[113.89877698900011,-6.993749980999951],[113.90038403100004,-6.994705955999962],[113.90051999700006,-6.997231509999949],[113.90092101200003,-6.99732297099996],[113.9012930130001,-6.999266974999955],[113.90202403700005,-6.999678966999966],[113.90211749200012,-7.000920079999958],[113.90145196900005,-7.00250903999995],[113.90197302400009,-7.0031009929999755],[113.90142991300002,-7.003807129999927],[113.90119797600005,-7.00721696599993],[113.8994614500001,-7.015831080999931],[113.89814971500005,-7.017604740999957],[113.89728161200003,-7.019831729999964],[113.89825771100004,-7.020510835999971],[113.89796224700001,-7.022022315999948],[113.8969144130001,-7.0226802419999785],[113.896585447,-7.023791596999956],[113.89517891000003,-7.023228058999962],[113.89294835600003,-7.023246259999951],[113.8916805990001,-7.025265071999968],[113.9012390900001,-7.0323000599999546],[113.89724172700005,-7.03792489999995],[113.8930004770001,-7.035352132999947],[113.89234783100005,-7.033841468999981],[113.88976095900011,-7.031755511999961],[113.88417610700003,-7.029396021999958],[113.88325024800008,-7.030747088999931],[113.88380854700006,-7.03193129899995],[113.88305003000005,-7.031713580999963],[113.88098511100009,-7.034465265999927],[113.88033949900012,-7.034612051999943],[113.87985231500011,-7.033979672999976],[113.87925950800002,-7.034865931999946],[113.87686196100003,-7.034324338999966],[113.875765537,-7.03680232399995],[113.87436481700001,-7.036403635999932],[113.87117847000002,-7.032310649999943],[113.87098342500008,-7.033043520999968]]]}},{"type":"Feature","properties":{"name":"Kalianget","kode_kec":"35.29.02"},"geometry":{"type":"Polygon","coordinates":[[[113.89180665600009,-7.061193060999926],[113.88179812100009,-7.07219798999995],[113.87564001100009,-7.080875016999926],[113.87324587300009,-7.086171748999959],[113.87193761500009,-7.091274493999947],[113.86963745300011,-7.094247340999971],[113.86630386000002,-7.093184772999962],[113.85954410000011,-7.0927241689999505],[113.85920681000005,-7.091656979999925],[113.8598207120001,-7.089273950999939],[113.85936828900003,-7.087851086999933],[113.86160682700006,-7.079615302999969],[113.86292742800003,-7.076617183999929],[113.85685980200003,-7.074011671999926],[113.85558223600003,-7.07385319499997],[113.85513908300004,-7.0730664889999275],[113.85559772400006,-7.071619895999959],[113.8617258920001,-7.06409328899997],[113.86920869900007,-7.062997224999947],[113.86958374800008,-7.0618506569999795],[113.87021226800005,-7.061712167999929],[113.87080141700005,-7.060808919999943],[113.86451358200009,-7.057503699999927],[113.86607913500006,-7.055673443999979],[113.86472841200009,-7.055451716999926],[113.86487195100005,-7.054523612999958],[113.86575745800008,-7.053894901999968],[113.86425642500001,-7.052496299999973],[113.86438459100009,-7.050970879999966],[113.86384635900004,-7.050575787999946],[113.86385524200011,-7.049878517999957],[113.86534570100002,-7.050292233999926],[113.86522354400006,-7.0486986389999515],[113.86561474700011,-7.048279674999947],[113.86639999600004,-7.04898069199993],[113.8681591940001,-7.0484863489999725],[113.86904901300011,-7.049183399999947],[113.87228686100002,-7.043118926999966],[113.87423071500007,-7.040999108999927],[113.87650246300007,-7.037301352999975],[113.87898076500005,-7.0356849179999585],[113.88017321900008,-7.034163711999952],[113.88033949900012,-7.034612051999943],[113.88098511100009,-7.034465265999927],[113.88305003000005,-7.031713580999963],[113.88380854700006,-7.03193129899995],[113.88325024800008,-7.030747088999931],[113.88417610700003,-7.029396021999958],[113.88976095900011,-7.031755511999961],[113.89234783100005,-7.033841468999981],[113.8930004770001,-7.035352132999947],[113.89724172700005,-7.03792489999995],[113.9012390900001,-7.0323000599999546],[113.8916805990001,-7.025265071999968],[113.89294835600003,-7.023246259999951],[113.89517891000003,-7.023228058999962],[113.896585447,-7.023791596999956],[113.8969144130001,-7.0226802419999785],[113.89796224700001,-7.022022315999948],[113.89828443700003,-7.0204516659999285],[113.90188479900007,-7.021993558999952],[113.90295912700003,-7.0212440279999555],[113.90363727200008,-7.022204138999939],[113.90525054700004,-7.021786544999941],[113.90552180500003,-7.022611028999961],[113.90704307700003,-7.021244541999977],[113.90835891800009,-7.021544354999946],[113.90931070200008,-7.0210946379999655],[113.91018396400011,-7.0189673979999725],[113.91003405800006,-7.01767535099998],[113.910640822,-7.017468337999958],[113.91133800300008,-7.018015613999978],[113.9115521540001,-7.019445669999925],[113.9126776390001,-7.018846046999954],[113.91329867900004,-7.019243415999938],[113.91309444100011,-7.019998254999962],[113.91057181800011,-7.020466458999977],[113.91209467200008,-7.021649052999976],[113.91355566100003,-7.021175537999966],[113.9132177780001,-7.023138592999942],[113.91734852100001,-7.022643665999965],[113.91693449500008,-7.024261698999965],[113.91752460200007,-7.024944605999963],[113.92067024900007,-7.022548486999938],[113.9227881810001,-7.023944147999941],[113.92288138000004,-7.0253090489999295],[113.92200914600005,-7.026267944999972],[113.92163704200004,-7.0284951679999494],[113.92058503900012,-7.029057191999925],[113.9203658780001,-7.028731026999935],[113.92016153700001,-7.030348679999975],[113.92055954200009,-7.029766303999963],[113.92089364500009,-7.030206767999971],[113.9214084780001,-7.030009442999926],[113.92157866800005,-7.03053857499998],[113.92289964200006,-7.030551057999958],[113.9265218050001,-7.034411706999947],[113.93028225500007,-7.03676091799997],[113.93192151900007,-7.03694347499993],[113.93224470000007,-7.0374745199999325],[113.93345127700002,-7.037178203999929],[113.93345301200009,-7.038080805999925],[113.9341210450001,-7.037468786999966],[113.93810632000009,-7.04031731699996],[113.93901216200004,-7.04017661499995],[113.94512200800011,-7.043063396999969],[113.94713003200002,-7.044854701999952],[113.94648824500007,-7.045417268999927],[113.94670139000004,-7.04619486699994],[113.94847688400012,-7.049261135999927],[113.94779099200002,-7.052540056999931],[113.94720481200011,-7.053469174999975],[113.945431428,-7.054512698999929],[113.945751126,-7.055076051999947],[113.94482618500001,-7.055553180999937],[113.9437622800001,-7.057018349999964],[113.94325955900001,-7.056736264999927],[113.941099355,-7.057287821999978],[113.94143590400006,-7.056441914999937],[113.93988539700001,-7.0559163629999375],[113.9377614760001,-7.054180696999936],[113.93501580500003,-7.053099900999939],[113.93191992000004,-7.049629465999942],[113.92874320800001,-7.0479210669999475],[113.928115563,-7.04679587499993],[113.92442379800002,-7.04527780199993],[113.92070318300011,-7.042878706999943],[113.92028179400006,-7.044232650999959],[113.917219036,-7.04303413599996],[113.91564885600008,-7.043147228999942],[113.90766814300002,-7.047530195999968],[113.90671772500002,-7.04754350099995],[113.90608342200005,-7.049129193999931],[113.89664648000007,-7.056638772999975],[113.89180665600009,-7.061193060999926]]]}},{"type":"Feature","properties":{"name":"Manding","kode_kec":"35.29.03"},"geometry":{"type":"Polygon","coordinates":[[[113.85064299600003,-6.985733957999969],[113.84998399400001,-6.986975042999973],[113.84849501300005,-6.987699027999952],[113.84593098200003,-6.990433983999935],[113.84078698100006,-6.992235029999961],[113.83757800000001,-6.9925560009999685],[113.83753500000012,-6.992006999999944],[113.83632224300004,-6.991477993999979],[113.83317199900011,-6.993280999999968],[113.83097849100011,-6.992597135999972],[113.82943099900001,-6.99296099999998],[113.82855859200004,-6.992511614999955],[113.82773585000007,-6.992835440999954],[113.82759988600003,-6.992466901999933],[113.82879891900006,-6.991331349999939],[113.82841895500007,-6.990214845999958],[113.8289517720001,-6.989649700999962],[113.82713099900002,-6.981826999999953],[113.8272760000001,-6.977792000999955],[113.82901700000002,-6.9696669999999585],[113.83113400100001,-6.967851999999937],[113.83300500000007,-6.963452998999969],[113.83276599900012,-6.962237998999967],[113.83181500100011,-6.961481999999933],[113.8315970000001,-6.960397000999933],[113.83095637400004,-6.960174099999961],[113.83167000000003,-6.958734999999933],[113.8304650010001,-6.958813999999961],[113.83112900000003,-6.95717099999996],[113.83086300000002,-6.955986999999936],[113.83268228600002,-6.9546749559999625],[113.83520647700004,-6.954128656999956],[113.83895463500005,-6.954549558999929],[113.8411410000001,-6.955558999999937],[113.84189900000001,-6.953295999999966],[113.84155100100008,-6.949811999999952],[113.84078199900011,-6.948391999999956],[113.83813200000009,-6.946921000999964],[113.83664500000009,-6.942916998999976],[113.83463100000006,-6.94265699999994],[113.83343000100001,-6.941934999999944],[113.83225221200007,-6.9383451379999315],[113.832157843,-6.9361788129999695],[113.83277342100007,-6.934739571999955],[113.83385437600009,-6.933974706999948],[113.83389796100005,-6.932186763999937],[113.83458561300006,-6.931030573999976],[113.83497167200005,-6.927965585999971],[113.83445573900008,-6.925833982999961],[113.83602658100006,-6.925371440999925],[113.83664823200002,-6.9258193349999715],[113.8378475070001,-6.925755113999969],[113.83782848500005,-6.926249345999963],[113.84098929100003,-6.9278821449999555],[113.84200965900004,-6.927765607999959],[113.84283483700005,-6.925622789999977],[113.8456959990001,-6.927001999999959],[113.84635799900002,-6.9299960009999495],[113.84866011500003,-6.931412482999974],[113.84955900000011,-6.9331089989999555],[113.85062999900003,-6.9338299999999435],[113.85310500000003,-6.937163999999939],[113.85810715500008,-6.9354326469999705],[113.85893155400004,-6.935698076999927],[113.8592423020001,-6.936476821999975],[113.86207699900001,-6.936747001999947],[113.86343200200008,-6.9375641779999455],[113.8650110000001,-6.936531000999935],[113.86503450000009,-6.935416000999965],[113.86403400000006,-6.932833999999957],[113.86624500000005,-6.929519999999968],[113.86758999900007,-6.9285959999999704],[113.8701178660001,-6.928621023999938],[113.87097569500008,-6.927638191999961],[113.87107392000007,-6.9254609699999605],[113.87173796600007,-6.924364806999961],[113.87117203800005,-6.922890661999929],[113.87671012500005,-6.9118453169999725],[113.87994476900008,-6.91207327799998],[113.88030243500009,-6.91267351099998],[113.87967544600008,-6.913509572999942],[113.88050468900008,-6.914047333999974],[113.88118878400007,-6.913601182999969],[113.88273543300011,-6.9141068179999365],[113.88544802000001,-6.914047333999974],[113.8862570340001,-6.914499427999942],[113.88547500000004,-6.920136999999954],[113.8844170000001,-6.92115199999995],[113.88303500000006,-6.921598999999958],[113.88095800100007,-6.924810001999958],[113.87954300000001,-6.92902399999997],[113.87918600100011,-6.931906000999959],[113.87565800000004,-6.9347289999999475],[113.87580900000012,-6.935736998999971],[113.87669000100004,-6.936371000999941],[113.87628100100005,-6.93736600099993],[113.87645300100007,-6.938795999999968],[113.87916200000006,-6.9418379999999615],[113.88240923100011,-6.942567788999952],[113.8831954630001,-6.943703348999975],[113.8855763580001,-6.944566879999968],[113.88652670800002,-6.942126953999946],[113.88732977500001,-6.941294141999947],[113.88809299900004,-6.941418999999939],[113.88825700000007,-6.938256999999965],[113.89048600000001,-6.93476099999998],[113.89183400000002,-6.928193999999962],[113.89344800000003,-6.928208999999981],[113.89443200000005,-6.929048999999964],[113.89595999900007,-6.929370000999938],[113.89795400000003,-6.928987999999947],[113.89958600200009,-6.930511999999965],[113.90051500100003,-6.928871999999956],[113.90002900000002,-6.928085001999932],[113.90015900000003,-6.926822999999956],[113.90201314400008,-6.925029097999925],[113.90241100100002,-6.924047000999963],[113.90336943700004,-6.924136800999975],[113.90379774000007,-6.923173118999955],[113.90429742700007,-6.923137426999972],[113.90624899900001,-6.923846999999967],[113.9088240000001,-6.9256939999999645],[113.9095860000001,-6.929041001999963],[113.91247500100008,-6.931180999999981],[113.91202500100007,-6.9332749999999805],[113.90990600000009,-6.936569001999942],[113.91030800100009,-6.937389999999937],[113.91151000100001,-6.937125999999978],[113.9118860000001,-6.936243999999931],[113.9130149990001,-6.936339000999965],[113.91423200000008,-6.9351459989999285],[113.91801200100008,-6.9371099999999615],[113.91879100100005,-6.936378999999931],[113.92003100000011,-6.936376999999936],[113.92038600000001,-6.935623999999962],[113.92133100000001,-6.935539999999946],[113.9220110010001,-6.936375001999977],[113.92181400100003,-6.9370119999999815],[113.92284300100005,-6.9369079989999705],[113.92538700000011,-6.938544999999976],[113.92635747800011,-6.93750876799993],[113.92722141400009,-6.9380124339999725],[113.92712096800005,-6.938398308999979],[113.92980211500003,-6.938058737999938],[113.93042070400008,-6.939674348999972],[113.92957902900002,-6.942605364999963],[113.93207473700011,-6.943400267999948],[113.93139473100007,-6.944878426999935],[113.93088332600007,-6.950987389999966],[113.92898207700011,-6.953430007999941],[113.92936840900006,-6.953638379999973],[113.92950801400002,-6.955610993999926],[113.92835674500009,-6.95642904999994],[113.92811694900001,-6.957777733999933],[113.92749109100009,-6.957962953999981],[113.926942456,-6.9608920789999615],[113.92744468800004,-6.961694698999963],[113.92863694100004,-6.961998578999953],[113.92919326000003,-6.963202508999927],[113.92997365000008,-6.96362697099994],[113.9355650010001,-6.964552000999959],[113.93729000000008,-6.965873999999928],[113.93882000100007,-6.965994000999956],[113.93951100000004,-6.967239999999947],[113.94044999900007,-6.967265999999938],[113.94017800000006,-6.968042000999958],[113.94117200000005,-6.9674949999999285],[113.94154500100001,-6.967948001999957],[113.94075500000008,-6.968456999999944],[113.94114000100001,-6.96977499999997],[113.94076300000006,-6.9706619999999475],[113.94161500100006,-6.971536001999937],[113.94023700000002,-6.971667999999966],[113.93865499900005,-6.972587000999965],[113.93721300000004,-6.972308998999949],[113.93627700000002,-6.9731499999999755],[113.93568200100003,-6.9768889999999715],[113.93597311600001,-6.979139411999938],[113.93335053500005,-6.982101401999955],[113.92950328300003,-6.981311289999951],[113.92587768800001,-6.98123142299994],[113.92078914800004,-6.979182101999982],[113.91851038900006,-6.981866406999927],[113.91729190300009,-6.984508941999934],[113.91189319600005,-6.984611351999945],[113.91086478400007,-6.983975116999943],[113.91043446000003,-6.9850304769999525],[113.90931460700006,-6.9852035829999295],[113.90815476000012,-6.984404634999976],[113.90670161700007,-6.984431266999934],[113.90653980700006,-6.9833559509999645],[113.90447341000004,-6.982716791999962],[113.9039134840001,-6.981971109999961],[113.90182377700012,-6.981148876999953],[113.90143700100009,-6.981760999999949],[113.90060910400007,-6.981785516999935],[113.89999556800001,-6.981040210999936],[113.89891773600004,-6.981785516999935],[113.89813838000009,-6.981586767999943],[113.89727611500007,-6.982481137999969],[113.89541671400002,-6.981935068999974],[113.89448812100011,-6.98211725799996],[113.89394091400004,-6.981521010999927],[113.89131642200005,-6.982664468999928],[113.89012251700001,-6.9821510349999585],[113.88627548500006,-6.98324415299993],[113.88488259400003,-6.983045405999974],[113.88450120700008,-6.9838569619999475],[113.8822917760001,-6.984555625999974],[113.88169482300009,-6.984224377999965],[113.88084913800003,-6.9847378139999705],[113.87733374900006,-6.984174690999964],[113.8760518260001,-6.9844598749999705],[113.87381240900004,-6.981992026999933],[113.87247337200006,-6.9822166359999756],[113.87216672200009,-6.983033401999933],[113.87058745800005,-6.983166044999962],[113.86942219100001,-6.9840644879999445],[113.8642290040001,-6.982734043999926],[113.86239655800011,-6.985207895999963],[113.86181199400005,-6.984720022999966],[113.86068503100012,-6.985170030999939],[113.85926827600008,-6.987343238999927],[113.85780397000008,-6.986736970999971],[113.85697851000009,-6.987270330999934],[113.8541978080001,-6.9873295639999355],[113.85259389300006,-6.987915442999963],[113.85220753400006,-6.9861654149999595],[113.85145129500006,-6.985634038999933],[113.85064299600003,-6.985733957999969]]]}},{"type":"Feature","properties":{"name":"Talango","kode_kec":"35.29.04"},"geometry":{"type":"MultiPolygon","coordinates":[[[[114.04560383900002,-7.206072807999931],[114.04487572400001,-7.204459533999966],[114.04528975100004,-7.20260355399995],[114.04583099900003,-7.201773998999954],[114.04708148500004,-7.201425720999964],[114.0479452290001,-7.202089590999947],[114.04796500000009,-7.203297998999972],[114.04628198600005,-7.206244129999959],[114.04560383900002,-7.206072807999931]]],[[[114.06277555400004,-7.100746188999949],[114.06408166900007,-7.10195846299996],[114.06483250400004,-7.104837351999947],[114.06386500000008,-7.107733468999925],[114.06457860900002,-7.110512908999965],[114.06180277900012,-7.111438465999981],[114.05943527800002,-7.1114195769999355],[114.05797472200004,-7.112024850999944],[114.05229694800005,-7.112749851999979],[114.04332861400007,-7.112722635999944],[114.0406072190001,-7.1115840199999525],[114.02496110900006,-7.1077806859999555],[114.01930444700008,-7.10753763699995],[114.01765555800011,-7.106479021999974],[114.01237222000009,-7.10513429599996],[114.00750694200008,-7.106321241999979],[114.00588777700011,-7.105919025999981],[113.99888400200007,-7.106037998999966],[113.99182300200005,-7.106615998999928],[113.98465800000008,-7.105719998999973],[113.98242600200001,-7.104783998999949],[113.98105400000009,-7.103021998999964],[113.97718900100006,-7.101622999999961],[113.97604700000011,-7.100183998999967],[113.97132700100008,-7.0996069989999455],[113.96974200000011,-7.097620999999947],[113.96487500100011,-7.097523998999975],[113.9604690000001,-7.096348998999929],[113.95782000200006,-7.09279399899998],[113.95612500000004,-7.092300998999974],[113.94910900200011,-7.0883659989999614],[113.94493300200008,-7.087908998999978],[113.94196700100008,-7.089594998999928],[113.94124200100009,-7.089464998999972],[113.94104300100003,-7.088892999999928],[113.94193200200004,-7.088135998999974],[113.94238100000007,-7.086830998999972],[113.9420020020001,-7.083884998999963],[113.93987600100002,-7.079598998999927],[113.93654800000002,-7.074809998999967],[113.93617900100003,-7.073509998999953],[113.93627100000003,-7.068728998999973],[113.93871000100012,-7.06390799899998],[113.94052200100009,-7.062025999999946],[113.94505700100001,-7.059184999999957],[113.94598193000002,-7.059080033999976],[113.94640670400008,-7.058346335999943],[113.94578859900002,-7.057903437999926],[113.9470976990001,-7.056537627999944],[113.94922969600009,-7.05546211199993],[113.951268002,-7.055244998999967],[113.95310200100005,-7.057227999999952],[113.95326500100009,-7.059360998999978],[113.95405200100004,-7.060965998999961],[113.95653200000004,-7.06348799899996],[113.95796800000005,-7.063524998999981],[113.9592000020001,-7.0655809989999625],[113.96800600000006,-7.069965998999976],[113.96952300100008,-7.069888998999943],[113.97248500100011,-7.071226998999975],[113.97848900100007,-7.072502998999937],[113.98349000200005,-7.072322998999937],[113.98428600200009,-7.072757998999975],[113.98693300000002,-7.072109998999963],[113.9933750020001,-7.07250199899994],[114.00675555900011,-7.070778746999963],[114.00868082900001,-7.070745411999951],[114.01030110700003,-7.07137402099994],[114.01413388600008,-7.069685412999945],[114.01556666200008,-7.070475409999972],[114.02217499500011,-7.070914852999977],[114.026979718,-7.0719245769999475],[114.03066721800008,-7.0718906879999395],[114.03863194000007,-7.073717908999981],[114.04044944300006,-7.073175687999935],[114.04703972300001,-7.073788743999955],[114.05040499500001,-7.075137912999935],[114.05394805100002,-7.0789181869999425],[114.05593583200005,-7.0833437479999475],[114.05673916900002,-7.086934024999948],[114.05994721900004,-7.095904578999978],[114.06153333000009,-7.097947912999928],[114.06277555400004,-7.100746188999949]]]]}},{"type":"Feature","properties":{"name":"Bluto","kode_kec":"35.29.05"},"geometry":{"type":"Polygon","coordinates":[[[113.76576091100003,-7.121197768999934],[113.76236204300005,-7.121389845999943],[113.76133002300003,-7.12004067099997],[113.75883487400006,-7.119475826999974],[113.75441863900005,-7.1193291139999815],[113.75431921800009,-7.119656615999929],[113.7514162760001,-7.119145031999949],[113.7517962170001,-7.1180445379999355],[113.7503419410001,-7.116973098999949],[113.74619798600008,-7.115773852999951],[113.74006036700007,-7.115098128999932],[113.73429900000008,-7.116030999999964],[113.73020262300008,-7.115349546999937],[113.72714910000002,-7.1153794089999565],[113.7240001350001,-7.116170821999958],[113.71997942000007,-7.113527179999949],[113.71554201600009,-7.112358137999934],[113.71296003000009,-7.112378117999981],[113.71302702300011,-7.109699897999974],[113.71408329300004,-7.106918592999932],[113.71394716000009,-7.105496324999933],[113.714601431,-7.103458972999931],[113.71766230000003,-7.100752736999937],[113.71871974600003,-7.098592628999938],[113.71977966700001,-7.097549499999957],[113.72304562600004,-7.096953699999972],[113.7240250860001,-7.0948601379999445],[113.72457315200006,-7.093003096999951],[113.72519872700002,-7.085926067999935],[113.72372440000004,-7.078542349999964],[113.72600430700004,-7.078794010999957],[113.72842881000008,-7.080201655999929],[113.73124607300008,-7.084000742999933],[113.73345606700002,-7.088775276999968],[113.73685634300011,-7.090519069999971],[113.73951565700008,-7.092657103999954],[113.74149029000012,-7.092007658999933],[113.74549614200009,-7.089265646999934],[113.74757341400004,-7.086196141999949],[113.75073809500009,-7.084052248999967],[113.75605484200003,-7.076539694999951],[113.76201316700008,-7.070607107999933],[113.76437978500007,-7.0655717819999495],[113.76641091400006,-7.065011054999957],[113.76905553000006,-7.065340478999929],[113.7710793660001,-7.066731729999958],[113.77279110000006,-7.07092647099995],[113.78015676900009,-7.075603576999981],[113.78167542900007,-7.078022553999972],[113.78127968600006,-7.0793155109999475],[113.78316209000002,-7.079848719999973],[113.78499918700004,-7.0813760679999405],[113.78656899000009,-7.081486444999939],[113.78600631900008,-7.084649276999926],[113.78468035000003,-7.087366846999942],[113.78516238300006,-7.088205052999967],[113.7912312950001,-7.088674892999961],[113.79223681500002,-7.08707224099993],[113.79220621000002,-7.086170307999964],[113.79498822400001,-7.085563239999942],[113.79780629900006,-7.083367642999974],[113.80189379300009,-7.083666937999965],[113.80550010000002,-7.08634828299995],[113.80885782300004,-7.086515858999974],[113.81341961200008,-7.088733438999952],[113.816326462,-7.089569696999945],[113.81636432000005,-7.091198931999941],[113.81432524400009,-7.0947894319999705],[113.81245015200011,-7.100185554999939],[113.8129477650001,-7.101015353999969],[113.81417538900007,-7.101563330999966],[113.82001080700002,-7.103117347999955],[113.82284968500005,-7.1045441659999256],[113.82309359400006,-7.10543136299998],[113.82260614200004,-7.106323009999926],[113.81917021200002,-7.108676712999966],[113.81898397500004,-7.11126877199996],[113.82131193100008,-7.112775943999964],[113.83550032200003,-7.118701450999936],[113.83616899800006,-7.120543021999936],[113.83782710800006,-7.122609717999978],[113.83723819500005,-7.123906589999933],[113.8355562050001,-7.124978637999959],[113.83568830600007,-7.128377917999956],[113.83425610100005,-7.1328549999999495],[113.83039100000008,-7.132399999999961],[113.82697586300003,-7.133454870999969],[113.82288858900006,-7.133526591999953],[113.82188135900003,-7.13314283699998],[113.81572292800001,-7.13305322399998],[113.81421937200003,-7.132171612999969],[113.81356124700005,-7.130071676999933],[113.81121000300004,-7.128435314999933],[113.80581984700007,-7.127813041999957],[113.80527810600006,-7.127413934999936],[113.80390874200009,-7.127653346999978],[113.80343568,-7.1270157579999704],[113.80177777300003,-7.1267296339999575],[113.79958320500009,-7.126780366999981],[113.79873542000007,-7.1258010029999355],[113.79655043500009,-7.124927628999956],[113.79260642700001,-7.1247162839999305],[113.78513463900003,-7.125372391999974],[113.78407538300007,-7.124418714999933],[113.78168270000003,-7.123749941999961],[113.7783421360001,-7.123320727999953],[113.77056551200008,-7.123345578999931],[113.7692587360001,-7.121678861999953],[113.76576091100003,-7.121197768999934]]]}},{"type":"Feature","properties":{"name":"Saronggi","kode_kec":"35.29.06"},"geometry":{"type":"Polygon","coordinates":[[[113.835759155,-7.118869441999948],[113.82131193100008,-7.112775943999964],[113.81898397500004,-7.11126877199996],[113.81917021200002,-7.108676712999966],[113.82296920700003,-7.105892319999953],[113.82268924300001,-7.104311344999928],[113.82001080700002,-7.103117347999955],[113.8152179440001,-7.101957235999976],[113.81252977400004,-7.100643720999926],[113.81248949200005,-7.099735485999929],[113.81432524400009,-7.0947894319999705],[113.81636432000005,-7.091198931999941],[113.816326462,-7.089569696999945],[113.81341961200008,-7.088733438999952],[113.80885782300004,-7.086515858999974],[113.80550010000002,-7.08634828299995],[113.80189379300009,-7.083666937999965],[113.79780629900006,-7.083367642999974],[113.79498822400001,-7.085563239999942],[113.79220621000002,-7.086170307999964],[113.79223681500002,-7.08707224099993],[113.7912312950001,-7.088674892999961],[113.78567220900004,-7.088376570999969],[113.78482706900002,-7.08796902399996],[113.78468035000003,-7.087366846999942],[113.78630258300007,-7.083679446999952],[113.78609659900008,-7.0828534559999525],[113.78656899000009,-7.081486444999939],[113.78499918700004,-7.0813760679999405],[113.78316209000002,-7.079848719999973],[113.78135276700004,-7.079374039999948],[113.78122430300004,-7.0789157039999395],[113.78295512500006,-7.077135244999965],[113.7831390980001,-7.074537272999976],[113.78402145200005,-7.0729645949999735],[113.78380592500002,-7.072376199999951],[113.78825733600002,-7.064383555999939],[113.78877785400005,-7.058852978999937],[113.79087740000011,-7.05521476399997],[113.79107729600003,-7.049842478999949],[113.78782677200002,-7.04831179599995],[113.78972805800004,-7.046374774999947],[113.79406058100005,-7.047182635999945],[113.8041045550001,-7.047139450999964],[113.80685320400005,-7.0476713959999415],[113.80865928300011,-7.0468414129999815],[113.81184369400012,-7.048265446999949],[113.81442007300006,-7.0485358219999625],[113.8177277750001,-7.0500233469999785],[113.81883412700006,-7.049908371999948],[113.82163230300011,-7.052055191999955],[113.82469796200007,-7.052135783999972],[113.82546058800006,-7.051650466999945],[113.82627531000003,-7.049574847999963],[113.82813712100005,-7.03694556399995],[113.83113287300012,-7.041154460999962],[113.83192096900007,-7.0416447789999665],[113.83394774500005,-7.038757564999969],[113.83962132800002,-7.047470173999955],[113.84305124900004,-7.049869169999965],[113.84480815000006,-7.05042384799998],[113.8472207210001,-7.052737598999954],[113.85318836400006,-7.050983310999925],[113.85925230100008,-7.053450344999931],[113.86112055000001,-7.052063017999956],[113.8622220210001,-7.051944458999969],[113.86303916300005,-7.050396723999938],[113.86385524200011,-7.049878517999957],[113.86384635900004,-7.050575787999946],[113.86438459100009,-7.050970879999966],[113.86425642500001,-7.052496299999973],[113.86575745800008,-7.053894901999968],[113.86487195100005,-7.054523612999958],[113.86472841200009,-7.055451716999926],[113.86607913500006,-7.055673443999979],[113.86451358200009,-7.057503699999927],[113.87080141700005,-7.060808919999943],[113.87021226800005,-7.061712167999929],[113.86958374800008,-7.0618506569999795],[113.86920869900007,-7.062997224999947],[113.8617258920001,-7.06409328899997],[113.85559772400006,-7.071619895999959],[113.85513908300004,-7.0730664889999275],[113.85558223600003,-7.07385319499997],[113.85685980200003,-7.074011671999926],[113.86292742800003,-7.076617183999929],[113.86160682700006,-7.079615302999969],[113.85936828900003,-7.087851086999933],[113.8598278500001,-7.0895868479999535],[113.85922220400005,-7.09223011399996],[113.85994028000005,-7.092884782999931],[113.86630386000002,-7.093184772999962],[113.86963745300011,-7.094247340999971],[113.86875410700009,-7.095539237999958],[113.86879144900001,-7.096223634999944],[113.87031663500011,-7.097198005999928],[113.87183535100007,-7.097103195999978],[113.87296872400009,-7.098533523999947],[113.87500005900006,-7.099411480999947],[113.87485890100004,-7.099845734999974],[113.87581514100009,-7.100516849999963],[113.87944385500009,-7.1019743569999605],[113.88162430800003,-7.101256859999978],[113.88395114900004,-7.101819420999959],[113.8845775740001,-7.102896188999978],[113.88446845200008,-7.103594292999958],[113.88536438300002,-7.104620527999941],[113.8880223430001,-7.104470688999982],[113.88765617700005,-7.106441236999956],[113.88911510600008,-7.108094820999952],[113.89000675900002,-7.111732478999954],[113.88869209500001,-7.115720530999965],[113.89002138400008,-7.116392117999965],[113.8897171530001,-7.117707801999927],[113.89180730800001,-7.119944717999942],[113.89214825700003,-7.121426658999951],[113.89482679200012,-7.122741272999974],[113.89467034900008,-7.123267296999927],[113.89349378000009,-7.123431084999936],[113.89286583300009,-7.124417130999973],[113.89202949300011,-7.1283547299999555],[113.89214422300006,-7.128670415999977],[113.89266404600005,-7.128410197999926],[113.89291106600001,-7.1291521089999605],[113.89192082400007,-7.130115399999966],[113.89328702000012,-7.131480160999956],[113.89185429800011,-7.13282698699993],[113.8886556110001,-7.133665248999932],[113.88510095100003,-7.134146285999975],[113.87113851900006,-7.1337315049999575],[113.8643024910001,-7.134356018999938],[113.86118299100008,-7.134226166999952],[113.8603110140001,-7.133511659999954],[113.85703513300007,-7.134550290999925],[113.85589657500009,-7.133976514999972],[113.85010994800007,-7.133534852999958],[113.83485400000006,-7.132920999999953],[113.83425610100005,-7.1328549999999495],[113.83568830600007,-7.128377917999956],[113.8355562050001,-7.124978637999959],[113.83723819500005,-7.123906589999933],[113.83782710800006,-7.122609717999978],[113.83607759100005,-7.120383364999952],[113.835759155,-7.118869441999948]]]}},{"type":"Feature","properties":{"name":"Lenteng","kode_kec":"35.29.07"},"geometry":{"type":"Polygon","coordinates":[[[113.74226696400001,-7.091500086999929],[113.73947818700003,-7.0926654689999395],[113.73685634300011,-7.090519069999971],[113.73421761800012,-7.089490720999947],[113.73345606700002,-7.088775276999968],[113.73192033100008,-7.085202667999965],[113.72960834500009,-7.0814726119999705],[113.73204010500001,-7.079129127999977],[113.73338862000003,-7.0754135699999665],[113.73446092000006,-7.07378743299995],[113.73434617500004,-7.07267221099994],[113.7326942740001,-7.070792100999938],[113.73289370100008,-7.067911207999941],[113.735414848,-7.061237075999941],[113.73689674900004,-7.058744625999964],[113.73696869300011,-7.0556485159999625],[113.73847877200001,-7.053136361999975],[113.73845572800008,-7.050126903999967],[113.73962516800009,-7.047263792999956],[113.73835116900011,-7.0460926549999385],[113.73831024000003,-7.045243614999947],[113.73924782300003,-7.043153228999927],[113.73728799300011,-7.042336764999959],[113.73181502600005,-7.041856238999969],[113.73031692100005,-7.04204031699993],[113.73001377700007,-7.044762792999961],[113.72898661500005,-7.0450795929999686],[113.72627611400003,-7.043995662999976],[113.72581949000005,-7.043663619999961],[113.72595817900003,-7.042826042999934],[113.72531277500002,-7.042949343999965],[113.72464745100001,-7.041817106999929],[113.72448730500003,-7.040893554999968],[113.72189479800011,-7.0395504539999365],[113.72256050600004,-7.03880543799994],[113.72173923100002,-7.037495290999971],[113.72252807100006,-7.037347254999929],[113.7226446520001,-7.036820605999935],[113.72212955900011,-7.0366571299999805],[113.7224731450001,-7.033874511999954],[113.72151798100003,-7.03238031799998],[113.72020688000009,-7.033248619999938],[113.71788433600011,-7.033023035999975],[113.71624962800001,-7.031741499999953],[113.71549712000001,-7.029904957999975],[113.71604277000006,-7.029088925999929],[113.71546499700003,-7.028494579999972],[113.7160857660001,-7.028251900999976],[113.71659687100009,-7.027184402999978],[113.71663246000003,-7.024652834999927],[113.71707772000002,-7.023728272999961],[113.71890123200001,-7.022712856999931],[113.7190162920001,-7.021923231999949],[113.71957012900009,-7.022517713999946],[113.72021092600005,-7.0216054979999285],[113.7209301800001,-7.021840402999942],[113.7208290430001,-7.020908585999962],[113.72145341500004,-7.021287485999949],[113.72197470200001,-7.020399873999963],[113.72305538800003,-7.021063013999935],[113.72400989200003,-7.020603221999977],[113.72463482100011,-7.021077745999946],[113.72565665200011,-7.0198525129999325],[113.7260047210001,-7.017985687999953],[113.72718847400006,-7.015803208999955],[113.73030710300009,-7.01595085799994],[113.73061877200007,-7.01449473699995],[113.7312848360001,-7.013917486999958],[113.73070067600008,-7.01153749599996],[113.73279186500008,-7.007501247999926],[113.73360081700002,-7.004935891999935],[113.73351210800001,-7.003513088999966],[113.73294983200003,-7.001888139999949],[113.7308127230001,-6.999240818999965],[113.72870024400004,-6.998035277999975],[113.7283721120001,-6.99507833499996],[113.73466190800002,-6.996391829999936],[113.73684767600002,-6.995355876999952],[113.73776904100009,-6.995790414999931],[113.73966233700003,-6.9954829409999775],[113.74125991400001,-6.996984583999961],[113.7428530300001,-6.997721206999927],[113.74329016000002,-6.9971831329999645],[113.74840382900004,-6.997640989999979],[113.75773923300005,-6.999881425999945],[113.76647050600002,-7.000298708999935],[113.77160595600003,-6.999589509999964],[113.7732671010001,-7.000497735999943],[113.77728626100009,-7.0003879459999325],[113.78267459200003,-7.0035978189999355],[113.78919930300003,-7.003262062999966],[113.7940885590001,-7.002034634999973],[113.79945465600008,-7.001729222999927],[113.79953277700008,-7.003469872999972],[113.800952241,-7.007790087999979],[113.80153892200008,-7.008483381999952],[113.80305136600009,-7.0088711269999635],[113.8047804040001,-7.011057755999957],[113.80851718300005,-7.018205376999958],[113.80889510800012,-7.020115677999968],[113.8081765710001,-7.022516580999934],[113.80841498900008,-7.0282809209999755],[113.81122105700001,-7.028291532999958],[113.8126016010001,-7.029267696999966],[113.81534314500004,-7.029934804999925],[113.81576313300002,-7.029062514999964],[113.81563583800005,-7.026007418999939],[113.81971776400007,-7.025761230999933],[113.82145252200007,-7.025845566999976],[113.82462349000002,-7.028223973999957],[113.82725432200004,-7.028155331999926],[113.8303757320001,-7.03224204299994],[113.83394774500005,-7.038757564999969],[113.83192096900007,-7.0416447789999665],[113.82803000900003,-7.036977427999943],[113.82627531000003,-7.049574847999963],[113.82546058800006,-7.051650466999945],[113.82415526700004,-7.052237668999965],[113.82163230300011,-7.052055191999955],[113.81883412700006,-7.049908371999948],[113.8177277750001,-7.0500233469999785],[113.81442007300006,-7.0485358219999625],[113.81184369400012,-7.048265446999949],[113.80865928300011,-7.0468414129999815],[113.80685320400005,-7.0476713959999415],[113.8041045550001,-7.047139450999964],[113.79406058100005,-7.047182635999945],[113.78972805800004,-7.046374774999947],[113.78782677200002,-7.04831179599995],[113.79107729600003,-7.049842478999949],[113.79087740000011,-7.05521476399997],[113.78877785400005,-7.058852978999937],[113.78825733600002,-7.064383555999939],[113.78380592500002,-7.072376199999951],[113.78397229000007,-7.0732265499999585],[113.7831390980001,-7.074537272999976],[113.78264345700006,-7.077536559999942],[113.78167542900007,-7.078022553999972],[113.77936240000008,-7.074930384999959],[113.77279110000006,-7.07092647099995],[113.77140113900009,-7.067298707999953],[113.77034616700007,-7.065953788999934],[113.76741121100008,-7.065017438999973],[113.76488167800005,-7.065352941999947],[113.76437978500007,-7.0655717819999495],[113.76201316700008,-7.070607107999933],[113.75605484200003,-7.076539694999951],[113.75073809500009,-7.084052248999967],[113.74757341400004,-7.086196141999949],[113.74549614200009,-7.089265646999934],[113.74226696400001,-7.091500086999929]],[[113.72882686700007,-6.997169625999959],[113.72874750500011,-6.997189496999965],[113.72884848700005,-6.997196662999954],[113.72882686700007,-6.997169625999959]]]}},{"type":"Feature","properties":{"name":"Giligenting","kode_kec":"35.29.08"},"geometry":{"type":"MultiPolygon","coordinates":[[[[113.66402653700004,-7.252018336999981],[113.66554344400004,-7.2500017429999275],[113.66741132000004,-7.248585963999972],[113.66402653700004,-7.252018336999981]]],[[[113.72798132500009,-7.250311830999976],[113.72905221600001,-7.250491796999938],[113.72853392000002,-7.251231809999979],[113.72528183500003,-7.251595743999928],[113.72432529100001,-7.251034191999963],[113.7240337610001,-7.249211351999975],[113.72491063900009,-7.247964686999978],[113.72798132500009,-7.250311830999976]]],[[[113.69778042100006,-7.241889922999974],[113.69774235000011,-7.2414996909999445],[113.69798029600008,-7.241901819999953],[113.69778042100006,-7.241889922999974]]],[[[113.674393054,-7.238611523999964],[113.6742897470001,-7.239521406999927],[113.67398085800005,-7.239716134999981],[113.673478337,-7.2382032599999775],[113.674393054,-7.238611523999964]]],[[[113.78538082800003,-7.230956497999955],[113.78056242000002,-7.228928006999979],[113.77666464300012,-7.229102238999928],[113.77281965400005,-7.22804403799995],[113.76926473900005,-7.225031639999941],[113.75944946200002,-7.218342974999928],[113.75569467300011,-7.217657689999953],[113.74960087300008,-7.218842661999929],[113.7493384610001,-7.216909942999962],[113.75183234300005,-7.211797209999929],[113.75281790400004,-7.210914297999977],[113.75448352700005,-7.206402839999953],[113.75500700900011,-7.205993571999954],[113.75776718300006,-7.207392694999953],[113.76040806000003,-7.207855974999973],[113.76246899800003,-7.2090868719999435],[113.76629649800009,-7.2094757379999805],[113.76736117000007,-7.210010102999945],[113.76955027400004,-7.209991066999976],[113.76963229100011,-7.209413735999931],[113.77027636300011,-7.2091867539999726],[113.7716917890001,-7.2093248179999705],[113.77160612800003,-7.210171905999971],[113.77282683200008,-7.209888473999968],[113.77295872700006,-7.2093992739999635],[113.77426399000001,-7.209701222999968],[113.77433775000009,-7.210171905999971],[113.77544182000008,-7.209153496999932],[113.77704081700006,-7.209791191999955],[113.78062929200007,-7.210063585999933],[113.78255201700006,-7.2108080569999515],[113.78257616400003,-7.2113278379999315],[113.78434100400011,-7.211295011999937],[113.78688226800011,-7.21229438499995],[113.78749920000007,-7.2133509209999715],[113.7896043720001,-7.214083739999978],[113.78955182400011,-7.21485668899993],[113.79069146600011,-7.215662096999949],[113.7925694270001,-7.216225777999966],[113.79564611100011,-7.216183466999951],[113.79671902000007,-7.214867187999971],[113.79993920900006,-7.213745982999967],[113.80093111600002,-7.2139270829999305],[113.80168668200008,-7.2147499759999505],[113.80381115400007,-7.214041978999944],[113.80713624000009,-7.215444791999971],[113.80983436000008,-7.215918543999976],[113.81200194400003,-7.21864938799996],[113.81224732200008,-7.220733143999951],[113.8111765650001,-7.221775347999937],[113.80656517000011,-7.22417741299995],[113.80468063600006,-7.224634269999967],[113.79778495800008,-7.229980918999956],[113.79634300500004,-7.232507905999967],[113.79689708400008,-7.234038749999968],[113.7968644130001,-7.235049179999976],[113.79625020600008,-7.235605964999934],[113.7946691200001,-7.236191829999939],[113.79292339100004,-7.235893959999942],[113.78538082800003,-7.230956497999955]]],[[[113.92895456400004,-7.184149638999941],[113.93296670400002,-7.191691652999964],[113.93334241600007,-7.1914916359999665],[113.93290853600001,-7.190783950999958],[113.93323166500011,-7.190683475999947],[113.93642602600005,-7.194714799999929],[113.93730524900002,-7.19460212499996],[113.93770357300002,-7.196116438999979],[113.93874725700005,-7.1969703759999675],[113.9401750180001,-7.199541930999942],[113.94039746800001,-7.20326866399995],[113.94112400000006,-7.203441999999939],[113.93961381200006,-7.210309102999929],[113.93940504600005,-7.214447568999958],[113.94387682900003,-7.220067915999948],[113.94821305900007,-7.220825211999966],[113.94928815000003,-7.2217820669999355],[113.95038107000005,-7.221821791999957],[113.95223752700008,-7.223891113999969],[113.9541510890001,-7.224764242999981],[113.95407743600003,-7.227946713999927],[113.95473515800006,-7.228070437999975],[113.9553154670001,-7.23023111699996],[113.95605198300007,-7.230629911999927],[113.9546257500001,-7.232253929999956],[113.95332003400006,-7.232089494999968],[113.9524487330001,-7.230785650999962],[113.94700991800005,-7.229704560999949],[113.94368378600007,-7.225080684999966],[113.94261463600003,-7.220992050999939],[113.94159882800011,-7.219109657999979],[113.9364221400001,-7.213616957999932],[113.9370229320001,-7.212458076999951],[113.93608364600004,-7.209330093999938],[113.93337312500012,-7.206046035999975],[113.92947720500001,-7.2036972489999584],[113.92708049900011,-7.202930134999974],[113.92346954100003,-7.202863223999941],[113.92130953700007,-7.2035603179999725],[113.91815274100009,-7.206054546999951],[113.91160949100004,-7.2083424509999645],[113.90874972300003,-7.2099518439999315],[113.90452663000008,-7.210311456999932],[113.9033635610001,-7.209006577999958],[113.9025441340001,-7.2090408659999525],[113.89381188700008,-7.210978140999941],[113.89066697500004,-7.212136011999974],[113.88657504600008,-7.211476448999974],[113.8857228170001,-7.209699070999932],[113.8821830390001,-7.205538641999965],[113.88112663100003,-7.203059558999939],[113.88090829100008,-7.199851068999976],[113.8832696610001,-7.193500791999952],[113.88551624500008,-7.1922592699999655],[113.88821881900003,-7.189587659999972],[113.8892318070001,-7.189399297999955],[113.89064011900007,-7.188255138999978],[113.89229151200004,-7.187727967999933],[113.89331798800004,-7.1866034639999725],[113.89679114,-7.185029548999978],[113.8971359410001,-7.1841082979999555],[113.90177981700003,-7.1836552779999465],[113.9054797340001,-7.181171048999943],[113.90873654800009,-7.181875270999967],[113.91367268700003,-7.180005756999947],[113.91497476900008,-7.178601348999962],[113.91625921100001,-7.178336409999929],[113.91787288800003,-7.176893879999966],[113.92102443300007,-7.175907146999975],[113.92239268900005,-7.173986720999949],[113.92477922100011,-7.174664252999946],[113.9255100800001,-7.17427190799998],[113.92675182400001,-7.175022216999935],[113.92828893500007,-7.179206883999939],[113.92908969500002,-7.180075990999967],[113.92862184400008,-7.181265095999947],[113.92895456400004,-7.184149638999941]]]]}},{"type":"Feature","properties":{"name":"Guluk-Guluk","kode_kec":"35.29.09"},"geometry":{"type":"Polygon","coordinates":[[[113.62176834500008,-7.065601346999927],[113.61851313700004,-7.064560189999952],[113.6115033750001,-7.064776101999939],[113.60940585200001,-7.064313962999961],[113.6068778230001,-7.065108709999947],[113.6052467610001,-7.0643023499999344],[113.60321157900012,-7.064683871999932],[113.59928481500003,-7.062607059999948],[113.5934886020001,-7.061804586999926],[113.592914156,-7.062171927999941],[113.59126642100011,-7.061364477999973],[113.59121552700003,-7.060764881999944],[113.59307981200004,-7.059057275999976],[113.59328317100005,-7.057910685999957],[113.59575972100004,-7.054782986999953],[113.59698336200006,-7.0524186109999505],[113.60085507400004,-7.0491282539999816],[113.60191370700011,-7.045897193999963],[113.60323508300007,-7.045102962999977],[113.60463984500007,-7.045305231999976],[113.60583045100009,-7.04407761799996],[113.60372655700007,-7.041443739999977],[113.60256517800008,-7.0413058869999645],[113.6000563990001,-7.042156406999936],[113.59815836500002,-7.038956184999961],[113.59759050500008,-7.039527825999926],[113.59445926700005,-7.039524490999952],[113.59233164300008,-7.038689892999969],[113.59167032100004,-7.038976238999965],[113.59174329000007,-7.039957933999972],[113.58832527200002,-7.039700162999964],[113.58730585100011,-7.040523833999941],[113.5872795890001,-7.041504318999955],[113.5865366490001,-7.04220354499995],[113.58370261800007,-7.041784420999932],[113.58222013500006,-7.043565113999932],[113.5814501210001,-7.04264848899993],[113.58024725700011,-7.042369166999947],[113.579768736,-7.041422065999939],[113.57875326700002,-7.041607171999942],[113.57823989400003,-7.041174565999938],[113.57818058300006,-7.040450144999966],[113.57882033600004,-7.039862314999937],[113.57816126400007,-7.039080859999956],[113.5786433510001,-7.038096419999931],[113.577878725,-7.035639887999935],[113.57644251300007,-7.034137637999947],[113.57660257100008,-7.031938257999968],[113.57624085000009,-7.031400663999932],[113.57697863700002,-7.0311653519999595],[113.57797497100012,-7.029575093999938],[113.57931620400007,-7.025331621999953],[113.57921375100011,-7.02395318899994],[113.57815844800007,-7.02370174899994],[113.57878861400002,-7.022953302999952],[113.57780836300003,-7.022446671999944],[113.5791413180001,-7.022197755999969],[113.58040120400005,-7.018360084999927],[113.58334937500001,-7.018570735999958],[113.58559129500009,-7.018129382999973],[113.58655991100011,-7.0184511439999255],[113.58681964200002,-7.0175298489999705],[113.58780231500009,-7.017576090999967],[113.58698235700001,-7.017093007999961],[113.58714158500004,-7.016609094999978],[113.58900009600006,-7.017071796999971],[113.59230041500007,-7.016561508999928],[113.59264456100004,-7.015115551999941],[113.59122629500007,-7.011994121999976],[113.59219651000001,-7.009479096999939],[113.59399356600011,-7.009156084999972],[113.61178355000004,-7.0113587979999465],[113.61302654500003,-7.010812185999953],[113.61599499400006,-7.010596051999926],[113.61793412000009,-7.011396831999946],[113.61985370200011,-7.013226723999935],[113.62304542400011,-7.014696244999925],[113.62408021600004,-7.013965445999929],[113.62521639400006,-7.013844244999973],[113.62601964600003,-7.014698587999931],[113.62693601100011,-7.01411341499994],[113.62810408900009,-7.014152426999942],[113.62849664900011,-7.014751961999934],[113.6327130410001,-7.014930905999961],[113.63854409400005,-7.016687580999928],[113.63982918300007,-7.0139575169999375],[113.63971496900001,-7.011416251999947],[113.64061440500006,-7.010459708999974],[113.65666692700006,-7.010939815999961],[113.6655937590001,-7.012557151999943],[113.66590098600011,-7.013058548999936],[113.66473584500011,-7.017083904999936],[113.66702786600001,-7.016667355999971],[113.66749551400005,-7.026259842999934],[113.66839525300009,-7.028765140999951],[113.66804094100007,-7.029580058999954],[113.6683081320001,-7.030271890999927],[113.6678561870001,-7.030752641999925],[113.66806911200001,-7.031508703999975],[113.6736258520001,-7.035334105999937],[113.67727467500004,-7.036010467999972],[113.67975263900007,-7.037056380999957],[113.67899713400004,-7.038027391999947],[113.67921518000003,-7.04137910299994],[113.6808284540001,-7.041483798999934],[113.68207257100005,-7.042849359999934],[113.68495713900006,-7.042288073999941],[113.68622974700008,-7.044231208999975],[113.68806536800003,-7.045221175999927],[113.6882934570001,-7.0474243169999795],[113.68995389000008,-7.049011737999933],[113.68959603100006,-7.049205064999967],[113.6898448610001,-7.050853308999933],[113.68860583500009,-7.051792872999954],[113.68875701000002,-7.053106964999927],[113.68816894500003,-7.054879570999958],[113.68887399200003,-7.056788178999966],[113.68768875,-7.058755497999925],[113.68687605000002,-7.0589275399999565],[113.68671253200012,-7.059621826999944],[113.68566286200007,-7.060201676999952],[113.68545562000008,-7.061613466999972],[113.6847651920001,-7.062239064999972],[113.68531111100003,-7.069743169999981],[113.68366704100004,-7.075448254999969],[113.68017038500011,-7.074957673999961],[113.67656443100009,-7.07856696999994],[113.66501063900012,-7.075596832999963],[113.66019198800007,-7.072553407999976],[113.65696062800009,-7.0723650749999365],[113.6529639580001,-7.074685236999926],[113.65162388400006,-7.074718927999925],[113.65078209,-7.0755692689999705],[113.64932327600002,-7.075580602999935],[113.64811913300002,-7.0762384929999484],[113.64659872700008,-7.080371585999956],[113.64533717800009,-7.080659283999978],[113.64480981200006,-7.077977087999955],[113.64516767600003,-7.075422350999929],[113.64345546600009,-7.074069154999961],[113.64155599800006,-7.0735047189999705],[113.63961574300004,-7.071451386999968],[113.63727987200002,-7.070533070999943],[113.63509973100008,-7.070677491999959],[113.62725468500003,-7.067438619999962],[113.62357189500005,-7.066771385999971],[113.62176834500008,-7.065601346999927]]]}},{"type":"Feature","properties":{"name":"Ganding","kode_kec":"35.29.10"},"geometry":{"type":"MultiPolygon","coordinates":[[[[113.69601379900007,-7.078814268999963],[113.69085053100002,-7.07989613899997],[113.68988866300003,-7.079112727999927],[113.68757376000008,-7.079009680999945],[113.68765753100001,-7.077425871999935],[113.68685987300012,-7.076692526999977],[113.68366704100004,-7.075448254999969],[113.68531111100003,-7.069743169999981],[113.6847651920001,-7.062239064999972],[113.68545562000008,-7.061613466999972],[113.68566286200007,-7.060201676999952],[113.68671253200012,-7.059621826999944],[113.68687605000002,-7.0589275399999565],[113.68768875,-7.058755497999925],[113.68887399200003,-7.056788178999966],[113.68816894500003,-7.054879570999958],[113.68875701000002,-7.053106964999927],[113.68860583500009,-7.051792872999954],[113.6898448610001,-7.050853308999933],[113.68959603100006,-7.049205064999967],[113.68995389000008,-7.049011737999933],[113.6882934570001,-7.0474243169999795],[113.68806536800003,-7.045221175999927],[113.68622974700008,-7.044231208999975],[113.68495713900006,-7.042288073999941],[113.68207257100005,-7.042849359999934],[113.6808284540001,-7.041483798999934],[113.67921518000003,-7.04137910299994],[113.67899713400004,-7.038027391999947],[113.67975263900007,-7.037056380999957],[113.67727467500004,-7.036010467999972],[113.6736258520001,-7.035334105999937],[113.66806911200001,-7.031508703999975],[113.6678561870001,-7.030752641999925],[113.6683081320001,-7.030271890999927],[113.66804094100007,-7.029580058999954],[113.66839525300009,-7.028765140999951],[113.66749551400005,-7.026259842999934],[113.66708505200006,-7.017224644999942],[113.66650215600009,-7.01436992899994],[113.66920701100003,-7.010662754999942],[113.66912694400003,-7.009068703999958],[113.66805088400008,-7.0070905389999325],[113.6701773850001,-7.005209534999949],[113.67099517100007,-7.003756467999949],[113.67053772100007,-7.0029793449999715],[113.67106836700009,-7.0025683029999755],[113.67120673800002,-7.001421415999971],[113.67325384900005,-6.999520989999951],[113.67463762000011,-6.998795860999962],[113.67502565400002,-6.999702183999943],[113.67598470400003,-7.000031448999948],[113.67712420200007,-6.9985462939999366],[113.67912173200011,-6.998170474999938],[113.68375324500005,-6.995708387999969],[113.68712981200008,-6.995889303999945],[113.68959842900006,-6.994532916999958],[113.689471131,-6.994168664999961],[113.69328611600008,-6.993964448999975],[113.69439357100009,-6.99296899899997],[113.69805507700005,-6.992390156999932],[113.70011305700007,-6.992845471999942],[113.70299903700004,-6.991437349999956],[113.70394912600011,-6.990212579999934],[113.70674644000007,-6.989813977999972],[113.70699480000007,-6.991390481999929],[113.70621359200004,-6.992853367999942],[113.70688769700007,-6.993566732999966],[113.70727990800003,-6.995190225999977],[113.70692981100001,-6.996722357999943],[113.70795815400004,-6.996620807999932],[113.70808565200002,-6.9979828329999805],[113.71540795900012,-6.998012337999967],[113.71528099400007,-6.99674595099998],[113.716425232,-6.9959982009999635],[113.71774055500009,-6.995871063999971],[113.72346379600003,-6.996626922999951],[113.72440029500001,-6.997195285999965],[113.72834888300008,-6.997289309999928],[113.72886830900006,-6.9982011259999695],[113.7308127230001,-6.999240818999965],[113.73294983200003,-7.001888139999949],[113.73360081700002,-7.004935891999935],[113.73070067600008,-7.01153749599996],[113.73139305400002,-7.013225373999944],[113.73030710300009,-7.01595085799994],[113.72718847400006,-7.015803208999955],[113.7260047210001,-7.017985687999953],[113.72565665200011,-7.0198525129999325],[113.72463482100011,-7.021077745999946],[113.72400989200003,-7.020603221999977],[113.72305538800003,-7.021063013999935],[113.72197470200001,-7.020399873999963],[113.72145341500004,-7.021287485999949],[113.7208290430001,-7.020908585999962],[113.7209301800001,-7.021840402999942],[113.72021092600005,-7.0216054979999285],[113.71957012900009,-7.022517713999946],[113.7190162920001,-7.021923231999949],[113.71890123200001,-7.022712856999931],[113.71707772000002,-7.023728272999961],[113.71663246000003,-7.024652834999927],[113.71659687100009,-7.027184402999978],[113.7160857660001,-7.028251900999976],[113.71546499700003,-7.028494579999972],[113.71604277000006,-7.029088925999929],[113.71549712000001,-7.029904957999975],[113.71624962800001,-7.031741499999953],[113.71788433600011,-7.033023035999975],[113.72020688000009,-7.033248619999938],[113.72151798100003,-7.03238031799998],[113.7224731450001,-7.033874511999954],[113.72212955900011,-7.0366571299999805],[113.7226446520001,-7.036820605999935],[113.72252807100006,-7.037347254999929],[113.72173923100002,-7.037495290999971],[113.72256050600004,-7.03880543799994],[113.72189479800011,-7.0395504539999365],[113.72448730500003,-7.040893554999968],[113.72464745100001,-7.041817106999929],[113.72531277500002,-7.042949343999965],[113.72595817900003,-7.042826042999934],[113.72581949000005,-7.043663619999961],[113.72627611400003,-7.043995662999976],[113.72898661500005,-7.0450795929999686],[113.73021717300003,-7.044551291999937],[113.73031692100005,-7.04204031699993],[113.73728799300011,-7.042336764999959],[113.73924782300003,-7.043153228999927],[113.73827752000011,-7.04579404499998],[113.73962516800009,-7.047263792999956],[113.73845572800008,-7.050126903999967],[113.73837840600004,-7.053506137999932],[113.73696869300011,-7.0556485159999625],[113.73689674900004,-7.058744625999964],[113.735414848,-7.061237075999941],[113.73289370100008,-7.067911207999941],[113.7326942740001,-7.070792100999938],[113.73434617500004,-7.07267221099994],[113.73446092000006,-7.07378743299995],[113.73338862000003,-7.0754135699999665],[113.73204010500001,-7.079129127999977],[113.72960834500009,-7.0814726119999705],[113.72739681300004,-7.079487774999961],[113.72544428900005,-7.078617304999966],[113.71855632500001,-7.078443963999973],[113.7183916030001,-7.07892308199996],[113.71359168300012,-7.076632049999944],[113.71280794200004,-7.077664661999961],[113.70886448800002,-7.078596146999928],[113.70305120300009,-7.078831299999933],[113.69800545200007,-7.07971122899994],[113.69601379900007,-7.078814268999963]]],[[[113.72874750500011,-6.997189496999965],[113.72882686700007,-6.997169625999959],[113.72884848700005,-6.997196662999954],[113.72874750500011,-6.997189496999965]]]]}},{"type":"Feature","properties":{"name":"Pragaan","kode_kec":"35.29.11"},"geometry":{"type":"Polygon","coordinates":[[[113.63063357800002,-7.123891367999931],[113.62428018000003,-7.124748130999933],[113.62371078000001,-7.124147697999945],[113.62145514100007,-7.124424632999933],[113.62144947500008,-7.1257066009999335],[113.62042791500005,-7.125885387999972],[113.62034611600006,-7.12548673799995],[113.61664475600003,-7.125282451999965],[113.6138220900001,-7.126256800999954],[113.61041751800008,-7.1256019229999765],[113.60755798000002,-7.126730436999935],[113.60709710700007,-7.125827418999961],[113.60198861200001,-7.128390988999968],[113.60168599600001,-7.124679431999937],[113.60310024300009,-7.124115806999953],[113.60445466400006,-7.121893449999959],[113.60550347900005,-7.121305159999963],[113.60644335400002,-7.118069505999927],[113.60791102900009,-7.117343279999943],[113.60808999100004,-7.116213603999938],[113.60911518800003,-7.115583284999957],[113.60953396000002,-7.113445191999972],[113.61060112200005,-7.112815200999933],[113.61087550700006,-7.1074071389999744],[113.6118574950001,-7.106555665999963],[113.6114382290001,-7.105582934999973],[113.61617226100009,-7.104216128999951],[113.61707981000006,-7.103518724999958],[113.62269481600003,-7.104031092999946],[113.62210924100009,-7.102365500999952],[113.6224809690001,-7.098378891999971],[113.62305034000008,-7.097210332999964],[113.62218549400006,-7.096445481999979],[113.62263045300006,-7.093674968999949],[113.62163266800007,-7.0933311909999475],[113.62188094900011,-7.092156007999961],[113.6211966510001,-7.084842060999961],[113.62050235100003,-7.084756354999968],[113.61690872400004,-7.082066599999962],[113.61513523700012,-7.079848005999963],[113.61370517500006,-7.079683847999945],[113.61325078800007,-7.078872547999936],[113.61336339400009,-7.077649937999979],[113.60779849800008,-7.071780346999958],[113.60774716000003,-7.07045596699993],[113.60393286600004,-7.0673657919999755],[113.60070780300009,-7.065898729999958],[113.60016492600005,-7.063274963999959],[113.6029920950001,-7.06464578799995],[113.604176929,-7.0647914389999755],[113.60422021900001,-7.064234889999966],[113.6052467610001,-7.0643023499999344],[113.6068778230001,-7.065108709999947],[113.60940585200001,-7.064313962999961],[113.6115033750001,-7.064776101999939],[113.61915622700008,-7.064677395999979],[113.62357189500005,-7.066771385999971],[113.62725468500003,-7.067438619999962],[113.63509973100008,-7.070677491999959],[113.63843136700007,-7.070879623999929],[113.63961574300004,-7.071451386999968],[113.64164637200008,-7.073566530999926],[113.64345546600009,-7.074069154999961],[113.64497696000001,-7.075126612999952],[113.64495935100001,-7.080172328999936],[113.64565683100011,-7.080732269999942],[113.64659872700008,-7.080371585999956],[113.64811913300002,-7.0762384929999484],[113.64932327600002,-7.075580602999935],[113.65078209,-7.0755692689999705],[113.65162388400006,-7.074718927999925],[113.6529639580001,-7.074685236999926],[113.65696062800009,-7.0723650749999365],[113.66019198800007,-7.072553407999976],[113.66501063900012,-7.075596832999963],[113.67203116400003,-7.077109307999933],[113.67608107500007,-7.0786042629999315],[113.67686212800004,-7.078442073999952],[113.67910385000005,-7.075688427999978],[113.68030333000002,-7.074903440999947],[113.68620803300007,-7.0762283229999525],[113.68765753100001,-7.077425871999935],[113.68757376000008,-7.079009680999945],[113.68988866300003,-7.079112727999927],[113.69085053100002,-7.07989613899997],[113.6953435590001,-7.078794244999926],[113.69800545200007,-7.07971122899994],[113.70305120300009,-7.078831299999933],[113.70886448800002,-7.078596146999928],[113.71280794200004,-7.077664661999961],[113.71359168300012,-7.076632049999944],[113.7183916030001,-7.07892308199996],[113.71855632500001,-7.078443963999973],[113.72372440000004,-7.078542349999964],[113.72519872700002,-7.085926067999935],[113.72457315200006,-7.093003096999951],[113.7240250860001,-7.0948601379999445],[113.72304562600004,-7.096953699999972],[113.71977966700001,-7.097549499999957],[113.71871974600003,-7.098592628999938],[113.71766230000003,-7.100752736999937],[113.714601431,-7.103458972999931],[113.71394716000009,-7.105496324999933],[113.71408329300004,-7.106918592999932],[113.71302702300011,-7.109699897999974],[113.71296003000009,-7.112378117999981],[113.71108296800003,-7.1119678229999295],[113.70814296100002,-7.112285740999937],[113.70450335100008,-7.11099292199998],[113.6984388950001,-7.111099402999969],[113.69463288000009,-7.11025669199995],[113.6930223810001,-7.110820566999962],[113.69302252800003,-7.111177558999941],[113.6890240890001,-7.109402857999953],[113.68774091900002,-7.109319334999952],[113.68555169900003,-7.1100506859999655],[113.68558362600004,-7.109319752999966],[113.68407135700011,-7.108611060999976],[113.67772565500002,-7.109073875999968],[113.67720323800006,-7.109702544999948],[113.67556116100002,-7.109498525999925],[113.67148973500002,-7.111423962999936],[113.67148759000008,-7.112001035999981],[113.67027935600004,-7.112728408999942],[113.67092002100003,-7.1135974939999755],[113.66959169900008,-7.114606354999978],[113.66994253400003,-7.115429703999951],[113.66890937100004,-7.114968171999976],[113.66830180900001,-7.115698379999969],[113.66670895000004,-7.115790277999963],[113.6662318970001,-7.1152449379999325],[113.6662412930001,-7.115963007999937],[113.66506958800005,-7.115823955999929],[113.66409097100006,-7.116550865999955],[113.66368479300002,-7.117759784999976],[113.66222185000004,-7.117932321999945],[113.66217735600003,-7.118705451999972],[113.66081339300001,-7.119354484999974],[113.66079972400007,-7.120648034999931],[113.6575971310001,-7.122968167999943],[113.65809069400007,-7.123600156999942],[113.65789523700005,-7.12422524599998],[113.6565889950001,-7.124295396999969],[113.65599847200008,-7.125614626999948],[113.65446139100004,-7.126004256999977],[113.65382017700006,-7.127686110999946],[113.64792162000003,-7.126814993999972],[113.64512935800008,-7.129568347999964],[113.64407424900003,-7.129658165999956],[113.64236738300008,-7.1289695329999745],[113.63963658800003,-7.124399593999954],[113.6385358770001,-7.124157112999967],[113.63809587700007,-7.123253572999943],[113.63636741000005,-7.123615443999938],[113.63386721000006,-7.1233626079999794],[113.6327671030001,-7.124427255999933],[113.63063357800002,-7.123891367999931]]]}},{"type":"Feature","properties":{"name":"Ambunten","kode_kec":"35.29.12"},"geometry":{"type":"Polygon","coordinates":[[[113.73332302400001,-6.933773980999945],[113.73050307500012,-6.9325078029999645],[113.72977969400006,-6.933190940999964],[113.72619426000006,-6.932102228999952],[113.72601469200004,-6.932495347999975],[113.72481946100004,-6.932255959999964],[113.72365122400004,-6.9313015719999385],[113.7217991650001,-6.931254813999942],[113.72042280500011,-6.9300948029999745],[113.72008888200003,-6.928972810999937],[113.72123695500011,-6.925580881999963],[113.7207041910001,-6.922791492999977],[113.71934715100008,-6.919777300999954],[113.71580305600003,-6.91920463699995],[113.71545428900004,-6.918460700999958],[113.71213560800004,-6.917140785999948],[113.71228326000005,-6.916183622999938],[113.70950168400009,-6.915071008999973],[113.70812422800009,-6.9151744839999765],[113.70798600600006,-6.914429337999934],[113.70766304200004,-6.914851956999939],[113.7026346130001,-6.915779492999945],[113.69722925500002,-6.914375664999966],[113.69536647500001,-6.913276869999947],[113.6939823780001,-6.911784323999939],[113.69406531600009,-6.909980837999967],[113.692761485,-6.9090424169999665],[113.694492061,-6.907582060999971],[113.69461947400009,-6.9063667359999386],[113.69640275400002,-6.9036311539999815],[113.69762257900004,-6.899284221999949],[113.69897946100002,-6.898372671999937],[113.70019716000002,-6.8965122339999425],[113.69975529800001,-6.889291141999934],[113.70031023900003,-6.88690902999997],[113.70155753400002,-6.884967982999967],[113.70965262800007,-6.885818351999944],[113.71167844700005,-6.886448247999965],[113.71340030300007,-6.886136890999978],[113.71735679000005,-6.8868666489999555],[113.71895342700009,-6.8864694009999425],[113.72170406500004,-6.887416304999931],[113.72527934800007,-6.886769782999977],[113.73056993700004,-6.887580487999969],[113.73573897800009,-6.886642377999976],[113.73643252200009,-6.8862509029999615],[113.73567617000003,-6.886228420999942],[113.73575731500011,-6.885921497999959],[113.73813895400008,-6.885350555999935],[113.73909603200002,-6.884423088999938],[113.74195233900002,-6.884778599999947],[113.7447407840001,-6.884120820999954],[113.75010526500012,-6.884889710999971],[113.75714989300002,-6.884641764999969],[113.75886032200003,-6.885615472999973],[113.76304476600001,-6.8859821229999625],[113.76627072500003,-6.8853173769999785],[113.76700993500003,-6.88477912299993],[113.76765783600001,-6.88498866499998],[113.76961605800011,-6.883592697999973],[113.77282571,-6.883102977999954],[113.7744322210001,-6.884161615999972],[113.78627219300006,-6.884931704999929],[113.78481362800005,-6.897614228999942],[113.78550659100006,-6.8986252249999325],[113.78594207600008,-6.9017086939999785],[113.78812563400004,-6.902476948999947],[113.7890356470001,-6.903612536999958],[113.78903974600007,-6.904311779999944],[113.78955615200005,-6.904345560999957],[113.78943147100006,-6.90954099399994],[113.78853077800011,-6.910862590999955],[113.78840781500003,-6.9119478839999715],[113.78669685300008,-6.9139670899999714],[113.78754193300006,-6.915732121999952],[113.78533464500003,-6.916821986999935],[113.78456400400012,-6.920026008999969],[113.78304092200005,-6.922648042999981],[113.78176132500005,-6.923336981999967],[113.78024908200007,-6.92328845399993],[113.78011791600011,-6.923767355999928],[113.77787808500011,-6.923665701999937],[113.77723298500007,-6.924625741999932],[113.77581302200008,-6.9331587829999535],[113.77669792400002,-6.933807353999953],[113.77163236400008,-6.932385139999951],[113.77000703600004,-6.932643260999953],[113.76930393500004,-6.933508010999958],[113.76525454000011,-6.932287499999973],[113.76464836200012,-6.93418446499993],[113.76416534400005,-6.935047930999929],[113.76374651200001,-6.935009359999981],[113.76357499900007,-6.938102998999966],[113.76066499900003,-6.941003999999964],[113.75821700000006,-6.941309000999979],[113.75596200000007,-6.94262699899997],[113.7507683550001,-6.941052022999941],[113.74994169400009,-6.940308897999955],[113.74583300000006,-6.939657999999952],[113.74342764700009,-6.938367101999972],[113.7426293640001,-6.9393327949999275],[113.74156704600011,-6.93932459399997],[113.73659646800002,-6.937178676999963],[113.7337792290001,-6.9365446349999615],[113.73324001600008,-6.935973958999966],[113.73371408600008,-6.935206183999981],[113.73332302400001,-6.933773980999945]]]}},{"type":"Feature","properties":{"name":"Pasongsongan","kode_kec":"35.29.13"},"geometry":{"type":"Polygon","coordinates":[[[113.67325384900005,-6.999520989999951],[113.67053772100007,-7.0029793449999715],[113.67099517100007,-7.003756467999949],[113.6701773850001,-7.005209534999949],[113.66805088400008,-7.0070905389999325],[113.66912694400003,-7.009068703999958],[113.66920701100003,-7.010662754999942],[113.66650215600009,-7.01436992899994],[113.66702786600001,-7.016667355999971],[113.66473584500011,-7.017083904999936],[113.66590098600011,-7.013058548999936],[113.6655937590001,-7.012557151999943],[113.65666692700006,-7.010939815999961],[113.64061440500006,-7.010459708999974],[113.63971496900001,-7.011416251999947],[113.63982918300007,-7.0139575169999375],[113.63854409400005,-7.016687580999928],[113.6327130410001,-7.014930905999961],[113.62849664900011,-7.014751961999934],[113.62810408900009,-7.014152426999942],[113.62693601100011,-7.01411341499994],[113.62601964600003,-7.014698587999931],[113.62521639400006,-7.013844244999973],[113.62408021600004,-7.013965445999929],[113.62332953100008,-7.014730443999952],[113.62180824200004,-7.014286297999945],[113.61683347600001,-7.011011316999941],[113.61868099300011,-7.010029380999981],[113.61900719100004,-7.008265235999943],[113.61478822400011,-7.00686918599996],[113.61505932500006,-7.0048309849999555],[113.611383767,-7.004062049999959],[113.61062576000006,-7.001854359999925],[113.60920262100001,-7.000443195999935],[113.60978825200004,-6.997950032999938],[113.60838696600001,-6.9964628679999805],[113.60926640800005,-6.996353539999973],[113.60955315800004,-6.995467195999936],[113.6105114290001,-6.99550437399995],[113.60916254200004,-6.992937814999948],[113.60981487700008,-6.989797537999948],[113.61191386400003,-6.984457448999933],[113.61235741500002,-6.9810253669999724],[113.61001861300008,-6.97874150399997],[113.61006649800004,-6.976843612999971],[113.60842547400011,-6.973720383999932],[113.61264772300001,-6.9672908879999795],[113.6203977990001,-6.965094457999953],[113.62649507100002,-6.964836244999958],[113.62625086700007,-6.962891481999975],[113.6240485290001,-6.9622259859999645],[113.62329101900002,-6.960855725999977],[113.62422108900012,-6.957567038999969],[113.62533694900003,-6.956819361999976],[113.62395683700004,-6.954481918999932],[113.62434803200006,-6.950845416999925],[113.62511534300006,-6.94987558899993],[113.62536587600005,-6.948462121999967],[113.62608037100006,-6.947149993999972],[113.62695190200009,-6.946940720999976],[113.62830423100002,-6.945165083999939],[113.62921753800003,-6.942607565999936],[113.62911668400011,-6.9414973629999395],[113.630125539,-6.940913802999944],[113.63159713700009,-6.938696887999981],[113.634121316,-6.93860124899993],[113.63692842400008,-6.939576944999942],[113.63847355700011,-6.938981289999958],[113.63864254400005,-6.938134146999971],[113.63764728700005,-6.937508286999957],[113.63729184500005,-6.936115057999928],[113.63931454800002,-6.931068525999933],[113.63879420500007,-6.929755132999958],[113.63983028300004,-6.929049115999931],[113.64007524500005,-6.927698654999972],[113.64286507600002,-6.92731970899996],[113.6441647480001,-6.925104945999976],[113.64564172100006,-6.925176632999978],[113.6459437100001,-6.92409854899995],[113.64701046200003,-6.924437293999972],[113.64852950800002,-6.921975257999975],[113.64850750800008,-6.920687357999952],[113.64971734400001,-6.919648374999952],[113.64979440800005,-6.918548231999978],[113.64902953300009,-6.917608214999973],[113.64694679400009,-6.916898490999927],[113.64527678200011,-6.9169284199999765],[113.64313436400005,-6.915898237999954],[113.6396381300001,-6.917246044999956],[113.63647786400008,-6.917719130999956],[113.63560734900011,-6.917171005999933],[113.63655492600003,-6.915926989999946],[113.63617915100008,-6.914420408999945],[113.63664765600004,-6.912086128999931],[113.63655432600001,-6.9069091839999714],[113.63789116400005,-6.905000905999941],[113.63901238800008,-6.900727753999945],[113.64179466700011,-6.8974256649999575],[113.64253260600003,-6.887582022999936],[113.64589285800002,-6.8877774629999635],[113.65144227400003,-6.886905045999981],[113.65366099800008,-6.887096504999931],[113.6546032650001,-6.885119172999964],[113.65468892500007,-6.8861328229999685],[113.65538519800009,-6.886124293999956],[113.65588793600011,-6.8870288289999735],[113.65664696900001,-6.887169277999931],[113.6571444860001,-6.886103898999977],[113.66082728900005,-6.885091637999949],[113.66540741300003,-6.884746401999962],[113.66844459000004,-6.883483055999932],[113.67687502000001,-6.883111859999929],[113.68272154400006,-6.882138548999933],[113.69016353500001,-6.883461863999969],[113.69135879900011,-6.8831261369999766],[113.69183707100001,-6.8835901309999485],[113.69206381400011,-6.883319925999956],[113.6921582980001,-6.883882804999928],[113.6939357550001,-6.8834188099999665],[113.696676894,-6.883525885999973],[113.70155753400002,-6.884967982999967],[113.70031023900003,-6.88690902999997],[113.69975529800001,-6.889291141999934],[113.70019716000002,-6.8965122339999425],[113.69897946100002,-6.898372671999937],[113.69762257900004,-6.899284221999949],[113.69640275400002,-6.9036311539999815],[113.69461947400009,-6.9063667359999386],[113.694492061,-6.907582060999971],[113.692761485,-6.9090424169999665],[113.69406531600009,-6.909980837999967],[113.6939823780001,-6.911784323999939],[113.69536647500001,-6.913276869999947],[113.69878288400002,-6.914959781999926],[113.70328544800009,-6.915794920999929],[113.70766304200004,-6.914851956999939],[113.70798600600006,-6.914429337999934],[113.70812422800009,-6.9151744839999765],[113.71055628600004,-6.915409279999949],[113.71251423700005,-6.916411822999976],[113.71213560800004,-6.917140785999948],[113.71242389300005,-6.9173495329999355],[113.71545428900004,-6.918460700999958],[113.71580305600003,-6.91920463699995],[113.71934715100008,-6.919777300999954],[113.7207041910001,-6.922791492999977],[113.72118107500012,-6.925848968999958],[113.72008888200003,-6.928972810999937],[113.7202518250001,-6.92981773799994],[113.7190906290001,-6.931513294999945],[113.71781280700009,-6.935941450999962],[113.71828573700009,-6.939742319999937],[113.71613926400005,-6.941289400999949],[113.71480251500009,-6.944581107999966],[113.715813862,-6.948619679999979],[113.7157986200001,-6.951862763999941],[113.71664892700005,-6.953273233999937],[113.71529209900007,-6.955317978999972],[113.71410160300002,-6.954664947999959],[113.71319287200004,-6.954746664999959],[113.71265115800009,-6.955409631999942],[113.71187487200007,-6.955222818999971],[113.71070311100004,-6.956166726999925],[113.71076442800006,-6.9568453649999356],[113.711503375,-6.95677896899997],[113.71176440800002,-6.957236505999958],[113.71068014800005,-6.958418996999967],[113.71075868600008,-6.958762820999937],[113.71150429200009,-6.958605536999926],[113.71126887800006,-6.95927630999995],[113.71167154500006,-6.959398322999959],[113.71124009800008,-6.960930909999945],[113.71060916800002,-6.961058849999972],[113.7110079250001,-6.962165895999931],[113.70960354800002,-6.96260429299997],[113.70923575500001,-6.96575835699997],[113.70583889600005,-6.969026352999947],[113.70636114400008,-6.970843694999928],[113.70593142300004,-6.973192716999961],[113.7068363620001,-6.974526380999976],[113.70696341400003,-6.975816690999977],[113.70602304700003,-6.976646913999957],[113.70592232600006,-6.975774845999979],[113.70540687200003,-6.9755984919999605],[113.70512421300009,-6.976377127999967],[113.70372991700003,-6.9773294929999565],[113.70373437800004,-6.978106480999941],[113.702838971,-6.978434374999949],[113.70317662500008,-6.978898648999973],[113.70235718300012,-6.97995530299994],[113.70105755500003,-6.979869722999979],[113.700031179,-6.980611713999963],[113.69979846100011,-6.980288684999948],[113.69841299300003,-6.9823111589999485],[113.69928736000008,-6.983012907999978],[113.69829729100002,-6.983814400999961],[113.6985160700001,-6.986942725999938],[113.70081587300001,-6.98834944999993],[113.70110798900009,-6.989322712999979],[113.70297541800005,-6.990793769999925],[113.70274455100002,-6.991328929999952],[113.69981266200011,-6.992913926999961],[113.69805507700005,-6.992390156999932],[113.69439357100009,-6.99296899899997],[113.69328611600008,-6.993964448999975],[113.689471131,-6.994168664999961],[113.68959842900006,-6.994532916999958],[113.6868461250001,-6.995957656999963],[113.68375324500005,-6.995708387999969],[113.67912173200011,-6.998170474999938],[113.67712420200007,-6.9985462939999366],[113.67598470400003,-7.000031448999948],[113.67502565400002,-6.999702183999943],[113.67463762000011,-6.998795860999962],[113.67325384900005,-6.999520989999951]]]}},{"type":"Feature","properties":{"name":"Dasuk","kode_kec":"35.29.14"},"geometry":{"type":"Polygon","coordinates":[[[113.78577140000004,-6.941283552999948],[113.7801708400001,-6.939578870999981],[113.77931572800003,-6.939813388999937],[113.77862446000006,-6.939430150999954],[113.77787634200001,-6.940366897999979],[113.77713609600005,-6.9401991049999765],[113.77622054800008,-6.937458077999963],[113.77626821100012,-6.9335458609999705],[113.77671292500008,-6.933675042999937],[113.77581302200008,-6.9331587829999535],[113.77723298500007,-6.924625741999932],[113.77787808500011,-6.923665701999937],[113.78011791600011,-6.923767355999928],[113.78024908200007,-6.92328845399993],[113.78176132500005,-6.923336981999967],[113.78304092200005,-6.922648042999981],[113.78456400400012,-6.920026008999969],[113.78533464500003,-6.916821986999935],[113.78754193300006,-6.915732121999952],[113.78669685300008,-6.9139670899999714],[113.78840781500003,-6.9119478839999715],[113.78853077800011,-6.910862590999955],[113.78943147100006,-6.90954099399994],[113.78955615200005,-6.904345560999957],[113.78903974600007,-6.904311779999944],[113.7890356470001,-6.903612536999958],[113.78812563400004,-6.902476948999947],[113.78594207600008,-6.9017086939999785],[113.78550659100006,-6.8986252249999325],[113.78481362800005,-6.897614228999942],[113.78627219300006,-6.884931704999929],[113.78884504500002,-6.8855276969999295],[113.79573105700001,-6.88585859899996],[113.81140498500008,-6.881631485999947],[113.81870349300004,-6.881184875999963],[113.82463635700003,-6.879767251999965],[113.82650494200004,-6.878853582999966],[113.83224477200008,-6.87815061799995],[113.83510441800001,-6.876880050999944],[113.8362298400001,-6.876912829999981],[113.84048076400006,-6.875513802999933],[113.84900710300008,-6.874152803999948],[113.85350094800003,-6.872315436999941],[113.85810478700012,-6.87241243099993],[113.86354690000007,-6.871336755999948],[113.86754200300004,-6.871091831999934],[113.86908069200001,-6.87184723799993],[113.86908423400007,-6.873819970999932],[113.86789164800007,-6.873819970999932],[113.86800389100006,-6.874871005999978],[113.86655187400004,-6.875693720999948],[113.86548212000002,-6.874864053999943],[113.86510998500012,-6.875851424999951],[113.86407829000007,-6.8759195159999535],[113.8636458200001,-6.876932531999955],[113.86258527300004,-6.877631168999926],[113.86129264500005,-6.881800471999952],[113.85964979800008,-6.882979144999979],[113.8595263850001,-6.884098455999947],[113.8579175100001,-6.885538321999945],[113.8561423330001,-6.888528018999978],[113.85587505800004,-6.8943055539999705],[113.85525600500011,-6.894883787999959],[113.85512112700007,-6.896615191999956],[113.8548464480001,-6.897079547999965],[113.85260515700008,-6.897395270999937],[113.85198625900011,-6.898619388999975],[113.85280836700008,-6.899211174999948],[113.85387334600011,-6.899178680999967],[113.8548819990001,-6.905297999999959],[113.85656200000005,-6.907037999999943],[113.85697200000004,-6.908446000999959],[113.85818800000004,-6.909573999999964],[113.85827700000004,-6.910466999999926],[113.86072699900001,-6.912505000999943],[113.86250100000007,-6.914946999999927],[113.86583400100005,-6.923903999999936],[113.86643100000003,-6.927061997999942],[113.86811557400006,-6.928557800999954],[113.8666320000001,-6.929041000999973],[113.86403400000006,-6.932833999999957],[113.86510506100001,-6.935768566999968],[113.86478315200009,-6.936725018999937],[113.86306199900002,-6.937550999999928],[113.86207699900001,-6.936747001999947],[113.8592423020001,-6.936476821999975],[113.85893155400004,-6.935698076999927],[113.85810715500008,-6.9354326469999705],[113.85310500000003,-6.937163999999939],[113.85062999900003,-6.9338299999999435],[113.84955900000011,-6.9331089989999555],[113.84866011500003,-6.931412482999974],[113.84635799900002,-6.9299960009999495],[113.8456959990001,-6.927001999999959],[113.84283483700005,-6.925622789999977],[113.84200965900004,-6.927765607999959],[113.84098929100003,-6.9278821449999555],[113.83782848500005,-6.926249345999963],[113.8378475070001,-6.925755113999969],[113.83486191300005,-6.925520841999969],[113.83445573900008,-6.925833982999961],[113.83497167200005,-6.927965585999971],[113.83458561300006,-6.931030573999976],[113.83389796100005,-6.932186763999937],[113.83385437600009,-6.933974706999948],[113.83277342100007,-6.934739571999955],[113.832157843,-6.9361788129999695],[113.83225221200007,-6.9383451379999315],[113.83343000100001,-6.941934999999944],[113.83463100000006,-6.94265699999994],[113.83664500000009,-6.942916998999976],[113.83813200000009,-6.946921000999964],[113.84078199900011,-6.948391999999956],[113.84155100100008,-6.949811999999952],[113.84189900000001,-6.953295999999966],[113.84129400000006,-6.955466000999934],[113.84060800000009,-6.955627999999933],[113.83895463500005,-6.954549558999929],[113.83756784500008,-6.954253598999969],[113.83334615900003,-6.9544444569999655],[113.83094300100004,-6.955800999999951],[113.83116600000005,-6.956907999999942],[113.83061668200003,-6.95836914399996],[113.82966905100011,-6.9579695409999545],[113.82907400200008,-6.958481602999939],[113.82847417200003,-6.958031711999979],[113.82770493700002,-6.958286471999941],[113.82721157200001,-6.957520177999925],[113.82515832000001,-6.956825742999968],[113.82582511300006,-6.956081402999928],[113.82487488600009,-6.9552604289999636],[113.82525767900006,-6.953029782999977],[113.82449448900002,-6.950936954999975],[113.82503997300012,-6.948822277999966],[113.82443827200007,-6.946900383999946],[113.81853787500006,-6.945097653999937],[113.81682265800009,-6.943874726999979],[113.81356109900003,-6.942746116999956],[113.81243347500003,-6.943591332999972],[113.81085923600006,-6.946722373999933],[113.81113202300003,-6.9478280579999705],[113.81231901300009,-6.948482916999978],[113.81309042800001,-6.949976909999975],[113.81378207700004,-6.949908586999925],[113.81368193800006,-6.950769797999953],[113.81470038500004,-6.951452235999966],[113.81446866600004,-6.952715850999937],[113.81493618200011,-6.9535542159999295],[113.8171524820001,-6.95504266599994],[113.81788214200003,-6.956862582999975],[113.81709420300001,-6.9579521489999365],[113.81600750300004,-6.957533546999969],[113.8150293330001,-6.958398855999974],[113.81583851700009,-6.9591888499999754],[113.81508071500002,-6.960493848999931],[113.81432793200008,-6.960549177999951],[113.8132900820001,-6.961919742999953],[113.80806585900007,-6.95952204699995],[113.80790801,-6.960928120999938],[113.80919231000007,-6.962409091999973],[113.808253562,-6.963165312999934],[113.80555036900012,-6.962676838999926],[113.80492387200002,-6.961271070999942],[113.80029685300008,-6.9581664189999515],[113.79954809800006,-6.957937190999928],[113.79827303500008,-6.958546867999928],[113.79633717900003,-6.958576291999975],[113.79514433200006,-6.957864378999943],[113.79425989600009,-6.956553946999975],[113.79355646900001,-6.956486919999975],[113.79311313300002,-6.9556048509999755],[113.79345510300004,-6.954333042999963],[113.79209212700005,-6.953892354999937],[113.79261259700002,-6.952220265999927],[113.79241148800008,-6.951172557999939],[113.79042180600004,-6.950636097999961],[113.79099185200005,-6.948363401999927],[113.79025664400001,-6.9472675879999315],[113.78947925200009,-6.947210145999975],[113.78895849900005,-6.946534266999947],[113.78899006300003,-6.944848603999958],[113.78679366800009,-6.942934727999955],[113.78577140000004,-6.941283552999948]]]}},{"type":"Feature","properties":{"name":"Rubaru","kode_kec":"35.29.15"},"geometry":{"type":"Polygon","coordinates":[[[113.78267459200003,-7.0035978189999355],[113.77728626100009,-7.0003879459999325],[113.7732671010001,-7.000497735999943],[113.77160595600003,-6.999589509999964],[113.76647050600002,-7.000298708999935],[113.75773923300005,-6.999881425999945],[113.74840382900004,-6.997640989999979],[113.74329016000002,-6.9971831329999645],[113.7428530300001,-6.997721206999927],[113.74125991400001,-6.996984583999961],[113.73966233700003,-6.9954829409999775],[113.73776904100009,-6.995790414999931],[113.73684767600002,-6.995355876999952],[113.73466190800002,-6.996391829999936],[113.72850148600003,-6.994921235999925],[113.72834888300008,-6.997289309999928],[113.72775166200006,-6.997438846999955],[113.71774055500009,-6.995871063999971],[113.716425232,-6.9959982009999635],[113.71528099400007,-6.99674595099998],[113.71540795900012,-6.998012337999967],[113.70992685100009,-6.9977570549999655],[113.70923556600007,-6.998215289999962],[113.70808565200002,-6.9979828329999805],[113.70795815400004,-6.996620807999932],[113.70692981100001,-6.996722357999943],[113.70727990800003,-6.995190225999977],[113.70688769700007,-6.993566732999966],[113.70621359200004,-6.992853367999942],[113.70699480000007,-6.991390481999929],[113.70674644000007,-6.989813977999972],[113.70490375000008,-6.98977674899993],[113.7027077350001,-6.991363457999967],[113.70297541800005,-6.990793769999925],[113.70110798900009,-6.989322712999979],[113.70081587300001,-6.98834944999993],[113.6985160700001,-6.986942725999938],[113.69829729100002,-6.983814400999961],[113.69928736000008,-6.983012907999978],[113.69841299300003,-6.9823111589999485],[113.69878863200006,-6.981414488999974],[113.69979846100011,-6.980288684999948],[113.700031179,-6.980611713999963],[113.70105755500003,-6.979869722999979],[113.70235718300012,-6.97995530299994],[113.70317662500008,-6.978898648999973],[113.702838971,-6.978434374999949],[113.70373437800004,-6.978106480999941],[113.70372991700003,-6.9773294929999565],[113.70512421300009,-6.976377127999967],[113.70540687200003,-6.9755984919999605],[113.70592232600006,-6.975774845999979],[113.70602304700003,-6.976646913999957],[113.70696341400003,-6.975816690999977],[113.7068363620001,-6.974526380999976],[113.70593142300004,-6.973192716999961],[113.70636114400008,-6.970843694999928],[113.70583889600005,-6.969026352999947],[113.70923575500001,-6.96575835699997],[113.70960354800002,-6.96260429299997],[113.7110079250001,-6.962165895999931],[113.71060916800002,-6.961058849999972],[113.71124009800008,-6.960930909999945],[113.71167154500006,-6.959398322999959],[113.71126887800006,-6.95927630999995],[113.71150429200009,-6.958605536999926],[113.71075868600008,-6.958762820999937],[113.71068014800005,-6.958418996999967],[113.71176440800002,-6.957236505999958],[113.711503375,-6.95677896899997],[113.71076442800006,-6.9568453649999356],[113.71070311100004,-6.956166726999925],[113.71187487200007,-6.955222818999971],[113.71265115800009,-6.955409631999942],[113.71319287200004,-6.954746664999959],[113.71410160300002,-6.954664947999959],[113.71529209900007,-6.955317978999972],[113.71664892700005,-6.953273233999937],[113.7157986200001,-6.951862763999941],[113.715813862,-6.948619679999979],[113.71480251500009,-6.944581107999966],[113.71613926400005,-6.941289400999949],[113.71828573700009,-6.939742319999937],[113.71781280700009,-6.935941450999962],[113.7190906290001,-6.931513294999945],[113.7202518250001,-6.92981773799994],[113.721540043,-6.931127197999956],[113.72365122400004,-6.9313015719999385],[113.72481946100004,-6.932255959999964],[113.72601469200004,-6.932495347999975],[113.72619426000006,-6.932102228999952],[113.72977969400006,-6.933190940999964],[113.73050307500012,-6.9325078029999645],[113.7326882320001,-6.933222978999936],[113.73332302400001,-6.933773980999945],[113.73371408600008,-6.935206183999981],[113.73324001600008,-6.935973958999966],[113.7337792290001,-6.9365446349999615],[113.73659646800002,-6.937178676999963],[113.74110687200005,-6.939183808999928],[113.7426293640001,-6.9393327949999275],[113.74342764700009,-6.938367101999972],[113.74583300000006,-6.939657999999952],[113.74994169400009,-6.940308897999955],[113.7507683550001,-6.941052022999941],[113.75596200000007,-6.94262699899997],[113.75821700000006,-6.941309000999979],[113.76066499900003,-6.941003999999964],[113.76357499900007,-6.938102998999966],[113.76374651200001,-6.935009359999981],[113.76416534400005,-6.935047930999929],[113.76464836200012,-6.93418446499993],[113.76525454000011,-6.932287499999973],[113.76930393500004,-6.933508010999958],[113.77000703600004,-6.932643260999953],[113.77128775800008,-6.932368027999928],[113.77582908200009,-6.933278637999933],[113.77626821100012,-6.9335458609999705],[113.77622054800008,-6.937458077999963],[113.77713609600005,-6.9401991049999765],[113.77787634200001,-6.940366897999979],[113.77862446000006,-6.939430150999954],[113.77931572800003,-6.939813388999937],[113.7801708400001,-6.939578870999981],[113.78577140000004,-6.941283552999948],[113.78679366800009,-6.942934727999955],[113.78899006300003,-6.944848603999958],[113.78895849900005,-6.946534266999947],[113.78947925200009,-6.947210145999975],[113.79025664400001,-6.9472675879999315],[113.79099185200005,-6.948363401999927],[113.79042180600004,-6.950636097999961],[113.79241148800008,-6.951172557999939],[113.79261259700002,-6.952220265999927],[113.79209212700005,-6.953892354999937],[113.79345510300004,-6.954333042999963],[113.79311313300002,-6.9556048509999755],[113.79355646900001,-6.956486919999975],[113.79425989600009,-6.956553946999975],[113.79514433200006,-6.957864378999943],[113.79633717900003,-6.958576291999975],[113.79827303500008,-6.958546867999928],[113.79954809800006,-6.957937190999928],[113.80029685300008,-6.9581664189999515],[113.80492387200002,-6.961271070999942],[113.80555036900012,-6.962676838999926],[113.808253562,-6.963165312999934],[113.80919231000007,-6.962409091999973],[113.80790801,-6.960928120999938],[113.80806585900007,-6.95952204699995],[113.8132900820001,-6.961919742999953],[113.81432793200008,-6.960549177999951],[113.81508071500002,-6.960493848999931],[113.81583851700009,-6.9591888499999754],[113.8150293330001,-6.958398855999974],[113.81600750300004,-6.957533546999969],[113.81709420300001,-6.9579521489999365],[113.81788214200003,-6.956862582999975],[113.8171524820001,-6.95504266599994],[113.81493618200011,-6.9535542159999295],[113.81446866600004,-6.952715850999937],[113.81470038500004,-6.951452235999966],[113.81368193800006,-6.950769797999953],[113.81378207700004,-6.949908586999925],[113.81309042800001,-6.949976909999975],[113.81231901300009,-6.948482916999978],[113.81113202300003,-6.9478280579999705],[113.81085923600006,-6.946722373999933],[113.81243347500003,-6.943591332999972],[113.81341696100003,-6.942810256999962],[113.81435914500003,-6.942729162999967],[113.81853787500006,-6.945097653999937],[113.82443827200007,-6.946900383999946],[113.82503997300012,-6.948822277999966],[113.82449448900002,-6.950936954999975],[113.82525767900006,-6.953029782999977],[113.82487488600009,-6.9552604289999636],[113.82582511300006,-6.956081402999928],[113.82515832000001,-6.956825742999968],[113.82721157200001,-6.957520177999925],[113.82770493700002,-6.958286471999941],[113.82847417200003,-6.958031711999979],[113.82891353500008,-6.958504671999947],[113.82985747300006,-6.9579905239999675],[113.83061668200003,-6.95836914399996],[113.83052399900009,-6.958927999999958],[113.83167000000003,-6.958734999999933],[113.83095637400004,-6.960174099999961],[113.8315970000001,-6.960397000999933],[113.83181500100011,-6.961481999999933],[113.83276599900012,-6.962237998999967],[113.83300500000007,-6.963452998999969],[113.83113400100001,-6.967851999999937],[113.82901700000002,-6.9696669999999585],[113.8272760000001,-6.977792000999955],[113.82713099900002,-6.981826999999953],[113.8289517720001,-6.989649700999962],[113.82841895500007,-6.990214845999958],[113.82879891900006,-6.991331349999939],[113.8278166020001,-6.9919014249999805],[113.82773585000007,-6.992835440999954],[113.82609800600005,-6.9933097119999275],[113.82051190300001,-6.993083171999956],[113.82003942400002,-6.994090048999965],[113.81771232800008,-6.9938458059999675],[113.81711153000003,-6.994203210999956],[113.81681973200011,-7.000445237999941],[113.81601369500004,-7.001565717999938],[113.81330984600004,-7.002460909999968],[113.80922354000006,-7.001538726999968],[113.80551793400002,-7.001983459999963],[113.79945465600008,-7.001729222999927],[113.7940885590001,-7.002034634999973],[113.78919930300003,-7.003262062999966],[113.78267459200003,-7.0035978189999355]]]}},{"type":"Feature","properties":{"name":"Batang-Batang","kode_kec":"35.29.16"},"geometry":{"type":"Polygon","coordinates":[[[114.0168544500001,-6.986506794999968],[114.00407293500007,-6.984514506999972],[114.00350389500011,-6.983140976999948],[114.00443973100005,-6.982905406999976],[114.0060819570001,-6.980326795999929],[114.00492306000001,-6.978956809999943],[114.00585028800003,-6.9786017999999785],[114.00621361800006,-6.977672641999959],[114.00620917000003,-6.976586246999943],[114.00539058000004,-6.975671064999972],[114.00223222600005,-6.976164022999967],[114.00202111500005,-6.975735972999928],[114.00040472300009,-6.977413475999981],[113.99681629800011,-6.978465883999945],[113.99535162400002,-6.979710205999936],[113.99286336000011,-6.980319617999953],[113.9896641360001,-6.9790225639999335],[113.98661263500003,-6.97925487599997],[113.98656403400003,-6.978272380999954],[113.97744421100003,-6.976512619999937],[113.97528350800008,-6.9715358499999525],[113.97422329500012,-6.970474051999929],[113.97425918200008,-6.969793903999971],[113.97329768200007,-6.969625547999954],[113.97314060300005,-6.970251136999934],[113.97260735400005,-6.969916944999966],[113.97147627400011,-6.971287262999965],[113.97087939900007,-6.9708624889999555],[113.97000863300002,-6.9711159629999315],[113.96952578500009,-6.971841305999931],[113.96710434600004,-6.97212067199996],[113.96533489900003,-6.971560629999942],[113.965120006,-6.972165684999936],[113.96446529100001,-6.971899811999947],[113.9642112460001,-6.972400218999951],[113.96378539900002,-6.972041411999953],[113.96334548300001,-6.973130160999972],[113.96174490400006,-6.97360363599995],[113.96117812400007,-6.972398355999928],[113.96037076100004,-6.972395886999948],[113.96003784700008,-6.9701462139999535],[113.95923033300005,-6.969862723999938],[113.959510206,-6.969333841999969],[113.9583771230001,-6.9688285609999525],[113.958112357,-6.968233872999974],[113.95629895000002,-6.9680537379999805],[113.95478664100006,-6.966955734999942],[113.95248123500005,-6.967111103999969],[113.95162528300011,-6.964500804999943],[113.95189700000003,-6.961923999999954],[113.9495280000001,-6.961350998999933],[113.94829700000003,-6.9602060009999605],[113.94831015200009,-6.95901848699998],[113.94900506500005,-6.95808335199996],[113.95091587500008,-6.957409673999962],[113.94879216300001,-6.9552303709999705],[113.94951421300004,-6.950839660999975],[113.95052682500011,-6.948998102999951],[113.95288772300012,-6.947047147999967],[113.95424300000002,-6.943364999999972],[113.952986323,-6.939474460999975],[113.95327879800004,-6.93809497999996],[113.95442289800008,-6.9364847639999425],[113.95446899900003,-6.9351360009999325],[113.95189600000003,-6.933693999999946],[113.95144000100004,-6.932845001999965],[113.95157500100004,-6.930414999999925],[113.95368800000006,-6.927320999999949],[113.95519000000002,-6.926734999999951],[113.95986700000003,-6.928383998999948],[113.96095500100012,-6.927862998999956],[113.96451699800002,-6.928645999999958],[113.96581100100002,-6.928207999999927],[113.96644899900002,-6.928481000999966],[113.96677299900011,-6.929593999999952],[113.96843300100011,-6.929924999999969],[113.9704630010001,-6.928073999999981],[113.97138900100003,-6.928496998999947],[113.97299600000008,-6.928056999999967],[113.97495100000003,-6.926052999999968],[113.97662100000002,-6.925853999999958],[113.97702700100001,-6.922086999999976],[113.98047099900009,-6.921450999999934],[113.98121500000002,-6.920668999999975],[113.98143700000003,-6.9194689999999355],[113.98357600100007,-6.917951999999957],[113.9857740000001,-6.919340999999974],[113.9873020010001,-6.921670999999947],[113.99078300000008,-6.921995999999979],[113.99138400000004,-6.921394000999953],[113.99188800000002,-6.922035999999935],[113.99162599900001,-6.923253999999929],[113.99344200000007,-6.923627999999951],[113.99426300100004,-6.924674999999979],[113.99616700000001,-6.923428999999942],[113.99737500000003,-6.923217999999963],[113.998868001,-6.924662999999953],[114.0013050010001,-6.923983999999962],[114.00312800000006,-6.924666998999953],[114.00413500000002,-6.924515000999975],[114.00499000100001,-6.923559000999944],[114.00523899900008,-6.92193199999997],[114.00331400100004,-6.918790999999942],[114.0040540010001,-6.9159519999999475],[114.00673000000006,-6.912455999999963],[114.00813300000004,-6.911431001999972],[114.0081510010001,-6.910161000999949],[114.00913100100001,-6.909493998999949],[114.0110360010001,-6.90602599999994],[114.01203400200006,-6.905081999999936],[114.01175300000011,-6.904405999999938],[114.01293400000009,-6.903201001999946],[114.01316200100007,-6.902070998999932],[114.01437200200007,-6.902053999999964],[114.01394000100004,-6.901514999999961],[114.01443800000004,-6.901063999999963],[114.014448001,-6.8999019999999405],[114.01313000000005,-6.898864999999944],[114.01501901900008,-6.894752113999971],[114.02177400000005,-6.89898299999993],[114.03132137300008,-6.902598703999956],[114.03648480300001,-6.905525440999952],[114.0513992650001,-6.911969020999948],[114.05977496800006,-6.916180666999935],[114.07967106900003,-6.923779475999936],[114.0873079800001,-6.92719477199995],[114.08418027500011,-6.9302829089999705],[114.0823247300001,-6.933319026999925],[114.08166695500006,-6.93531708699993],[114.0773539710001,-6.934914824999964],[114.07608425800004,-6.934267520999981],[114.0756234370001,-6.934799331999955],[114.07503808900003,-6.934520934999966],[114.07223251100004,-6.941558191999945],[114.069527504,-6.945900406999954],[114.0686974250001,-6.945449263999933],[114.06780214700007,-6.946521854999958],[114.05247486500002,-6.942077443999949],[114.04987809400006,-6.946588048999956],[114.04469705600002,-6.958219290999978],[114.04315040600011,-6.958481033999931],[114.03683044500008,-6.956090998999969],[114.03609868500007,-6.959275629999979],[114.0347101530001,-6.9600919159999535],[114.03378216500005,-6.95975641299998],[114.03262846300004,-6.960960439999951],[114.03207385700011,-6.963039486999946],[114.0298552480001,-6.96386205999994],[114.03232016600009,-6.965351083999963],[114.03182852400005,-6.96637889699997],[114.03266558600001,-6.966598178999959],[114.03297158400005,-6.968864617999941],[114.03205549100005,-6.971255973999973],[114.03254328100002,-6.971208384999954],[114.03255517900004,-6.972249399999953],[114.03325712100002,-6.971618843999977],[114.03337014400006,-6.973694921999936],[114.03146895500004,-6.977387368999928],[114.03152606100002,-6.978700831999959],[114.02564701200004,-6.989219213999945],[114.02427103000002,-6.987270111999976],[114.02259496200008,-6.986643097999945],[114.0168544500001,-6.986506794999968]]]}},{"type":"Feature","properties":{"name":"Batu-Putih","kode_kec":"35.29.17"},"geometry":{"type":"Polygon","coordinates":[[[113.91415436000011,-6.935191900999939],[113.9130149990001,-6.936339000999965],[113.91171899900007,-6.93635699999993],[113.91151000100001,-6.937125999999978],[113.90995800100006,-6.937154998999972],[113.90990600000009,-6.936569001999942],[113.91202500100007,-6.9332749999999805],[113.91237199900002,-6.9309009989999595],[113.9095860000001,-6.929041001999963],[113.9088240000001,-6.9256939999999645],[113.90624899900001,-6.923846999999967],[113.90379774000007,-6.923173118999955],[113.90336943700004,-6.924136800999975],[113.90241100100002,-6.924047000999963],[113.90201314400008,-6.925029097999925],[113.90015900000003,-6.926822999999956],[113.90002900000002,-6.928085001999932],[113.90051500100003,-6.928871999999956],[113.89958600200009,-6.930511999999965],[113.89795400000003,-6.928987999999947],[113.89595999900007,-6.929370000999938],[113.89443200000005,-6.929048999999964],[113.89344800000003,-6.928208999999981],[113.89183400000002,-6.928193999999962],[113.89048600000001,-6.93476099999998],[113.88825700000007,-6.938256999999965],[113.88809299900004,-6.941418999999939],[113.88732977500001,-6.941294141999947],[113.88652670800002,-6.942126953999946],[113.8855763580001,-6.944566879999968],[113.8831954630001,-6.943703348999975],[113.88240923100011,-6.942567788999952],[113.87947299900009,-6.942060999999967],[113.87645300100007,-6.938795999999968],[113.87628100100005,-6.93736600099993],[113.87669000100004,-6.936371000999941],[113.87580900000012,-6.935736998999971],[113.87565800000004,-6.9347289999999475],[113.87918600100011,-6.931906000999959],[113.87954300000001,-6.92902399999997],[113.88095800100007,-6.924810001999958],[113.88303500000006,-6.921598999999958],[113.8844170000001,-6.92115199999995],[113.88547500000004,-6.920136999999954],[113.8862570340001,-6.914499427999942],[113.88544802000001,-6.914047333999974],[113.88273543300011,-6.9141068179999365],[113.88118878400007,-6.913601182999969],[113.88050468900008,-6.914047333999974],[113.87967544600008,-6.913509572999942],[113.88031130700006,-6.912558714999932],[113.87946839900007,-6.911834069999941],[113.87671012500005,-6.9118453169999725],[113.87117203800005,-6.922890661999929],[113.87173796600007,-6.924364806999961],[113.87107392000007,-6.9254609699999605],[113.87097569500008,-6.927638191999961],[113.87040721300002,-6.928372467999964],[113.86811557400006,-6.928557800999954],[113.86650499900009,-6.927188000999934],[113.86583400100005,-6.923903999999936],[113.86250100000007,-6.914946999999927],[113.86072699900001,-6.912505000999943],[113.85827700000004,-6.910466999999926],[113.85818800000004,-6.909573999999964],[113.85697200000004,-6.908446000999959],[113.85656200000005,-6.907037999999943],[113.8548819990001,-6.905297999999959],[113.85387334600011,-6.899178680999967],[113.85280836700008,-6.899211174999948],[113.85198625900011,-6.898619388999975],[113.85260515700008,-6.897395270999937],[113.8548464480001,-6.897079547999965],[113.85512112700007,-6.896615191999956],[113.85525600500011,-6.894883787999959],[113.85587505800004,-6.8943055539999705],[113.8561423330001,-6.888528018999978],[113.8579175100001,-6.885538321999945],[113.8595263850001,-6.884098455999947],[113.85964979800008,-6.882979144999979],[113.86129264500005,-6.881800471999952],[113.86258527300004,-6.877631168999926],[113.8636458200001,-6.876932531999955],[113.86407829000007,-6.8759195159999535],[113.86510998500012,-6.875851424999951],[113.86548212000002,-6.874864053999943],[113.86655187400004,-6.875693720999948],[113.86800389100006,-6.874871005999978],[113.86789164800007,-6.873819970999932],[113.86908423400007,-6.873819970999932],[113.86908069200001,-6.87184723799993],[113.87309847000006,-6.870561146999933],[113.8755453340001,-6.86839989799995],[113.88016879700001,-6.867600204999974],[113.88571900000011,-6.865889999999979],[113.88785500000006,-6.865855999999951],[113.88905699700001,-6.8667482999999265],[113.89171253200004,-6.866566663999947],[113.89960832400004,-6.864253245999976],[113.90102208600001,-6.864124855999933],[113.9013295950001,-6.864630211999952],[113.90162858400004,-6.864105893999977],[113.90239536800004,-6.864483947999929],[113.90828700000009,-6.863361999999938],[113.91182073300001,-6.8641078129999755],[113.91450763600005,-6.863849554999945],[113.91543131600008,-6.864431847999981],[113.91709968200007,-6.8643424229999255],[113.92163180700004,-6.866156209999929],[113.92288465600006,-6.86531774599996],[113.92399275700006,-6.865378208999971],[113.92625443100007,-6.866629332999935],[113.92902321400004,-6.866351191999968],[113.9294603620001,-6.86720517699996],[113.9306281150001,-6.8665708269999755],[113.93466675700006,-6.866895445999944],[113.93780273200002,-6.867612321999957],[113.93824876600002,-6.867862265999975],[113.93823732500005,-6.8685916539999425],[113.94046219100005,-6.868430409999974],[113.94090813000003,-6.869124365999937],[113.94247336300009,-6.8682218569999804],[113.94479743400007,-6.868523405999952],[113.94510914300008,-6.8692818889999785],[113.94644655200011,-6.869829334999963],[113.94678740200004,-6.8694088269999725],[113.94953340100005,-6.869401280999966],[113.9501098510001,-6.869684592999931],[113.95039006100001,-6.870626793999975],[113.95124613600001,-6.870018563999963],[113.95357735000005,-6.87058746699995],[113.95439407200001,-6.871797152999932],[113.95682746900002,-6.871427805999929],[113.95771237500003,-6.872163197999953],[113.95814629200004,-6.871829974999969],[113.96038809900006,-6.872855213999969],[113.9618933910001,-6.872355832999972],[113.96278772800008,-6.872952044999977],[113.96418854300009,-6.872722537999948],[113.96517822900012,-6.87363230099993],[113.96728652500008,-6.873092791999966],[113.96792116100005,-6.87382224299995],[113.96935857000005,-6.87424137499994],[113.97013416200002,-6.875250926999968],[113.9765034830001,-6.8771920779999505],[113.97763168400002,-6.879016358999934],[113.98024553300002,-6.880598632999977],[113.9849899510001,-6.881258711999976],[113.9891178470001,-6.883486439999956],[113.99227482900005,-6.883815504999973],[113.99350883900001,-6.884824044999959],[113.99825425000006,-6.886601346999953],[114.00059539300003,-6.886761605999936],[114.00327758300011,-6.888694074999933],[114.01501901900008,-6.894752113999971],[114.01313000000005,-6.898864999999944],[114.014448001,-6.8999019999999405],[114.01443800000004,-6.901063999999963],[114.01394000100004,-6.901514999999961],[114.01437200200007,-6.902053999999964],[114.01316200100007,-6.902070998999932],[114.01293400000009,-6.903201001999946],[114.01175300000011,-6.904405999999938],[114.01203400200006,-6.905081999999936],[114.0110360010001,-6.90602599999994],[114.00913100100001,-6.909493998999949],[114.0081510010001,-6.910161000999949],[114.00813300000004,-6.911431001999972],[114.00673000000006,-6.912455999999963],[114.0040540010001,-6.9159519999999475],[114.00331400100004,-6.918790999999942],[114.00523899900008,-6.92193199999997],[114.00499000100001,-6.923559000999944],[114.00413500000002,-6.924515000999975],[114.00312800000006,-6.924666998999953],[114.0013050010001,-6.923983999999962],[113.998868001,-6.924662999999953],[113.99737500000003,-6.923217999999963],[113.99616700000001,-6.923428999999942],[113.99426300100004,-6.924674999999979],[113.99344200000007,-6.923627999999951],[113.99162599900001,-6.923253999999929],[113.99188800000002,-6.922035999999935],[113.99138400000004,-6.921394000999953],[113.99078300000008,-6.921995999999979],[113.9873020010001,-6.921670999999947],[113.9857740000001,-6.919340999999974],[113.98357600100007,-6.917951999999957],[113.98143700000003,-6.9194689999999355],[113.98121500000002,-6.920668999999975],[113.98047099900009,-6.921450999999934],[113.97702700100001,-6.922086999999976],[113.97662100000002,-6.925853999999958],[113.97495100000003,-6.926052999999968],[113.97299600000008,-6.928056999999967],[113.97138900100003,-6.928496998999947],[113.9704630010001,-6.928073999999981],[113.96843300100011,-6.929924999999969],[113.96677299900011,-6.929593999999952],[113.96644899900002,-6.928481000999966],[113.96581100100002,-6.928207999999927],[113.96451699800002,-6.928645999999958],[113.96095500100012,-6.927862998999956],[113.95986700000003,-6.928383998999948],[113.95519000000002,-6.926734999999951],[113.95368800000006,-6.927320999999949],[113.95157500100004,-6.930414999999925],[113.95144000100004,-6.932845001999965],[113.95189600000003,-6.933693999999946],[113.95446899900003,-6.9351360009999325],[113.95442289800008,-6.9364847639999425],[113.95327879800004,-6.93809497999996],[113.952986323,-6.939474460999975],[113.95424300000002,-6.943364999999972],[113.95288772300012,-6.947047147999967],[113.95052682500011,-6.948998102999951],[113.94951421300004,-6.950839660999975],[113.94879216300001,-6.9552303709999705],[113.95091587500008,-6.957409673999962],[113.94900506500005,-6.95808335199996],[113.94831015200009,-6.95901848699998],[113.94829700000003,-6.9602060009999605],[113.9495280000001,-6.961350998999933],[113.95189700000003,-6.961923999999954],[113.95157212000004,-6.963130262999925],[113.95188600000006,-6.9652849999999376],[113.95107800000005,-6.96531300099997],[113.95021400200005,-6.964652998999952],[113.94647500000008,-6.965162999999961],[113.94581300000004,-6.966792999999939],[113.94407100000001,-6.9673349999999346],[113.94318200000009,-6.97113799899995],[113.9421860000001,-6.972071999999969],[113.94109799900002,-6.971978999999976],[113.94162100000005,-6.971458999999925],[113.94076300000006,-6.9706619999999475],[113.94114000100001,-6.96977499999997],[113.94075500000008,-6.968456999999944],[113.9414660000001,-6.968134999999961],[113.94135600100003,-6.967608999999925],[113.94017800000006,-6.968042000999958],[113.94044999900007,-6.967265999999938],[113.93951100000004,-6.967239999999947],[113.93882000100007,-6.965994000999956],[113.93729000000008,-6.965873999999928],[113.9355650010001,-6.964552000999959],[113.92997365000008,-6.96362697099994],[113.92919326000003,-6.963202508999927],[113.92863694100004,-6.961998578999953],[113.92744468800004,-6.961694698999963],[113.926942456,-6.9608920789999615],[113.92749109100009,-6.957962953999981],[113.92811694900001,-6.957777733999933],[113.92835674500009,-6.95642904999994],[113.92950801400002,-6.955610993999926],[113.92936840900006,-6.953638379999973],[113.92898207700011,-6.953430007999941],[113.93088332600007,-6.950987389999966],[113.93139473100007,-6.944878426999935],[113.93207473700011,-6.943400267999948],[113.92957902900002,-6.942605364999963],[113.93042070400008,-6.939674348999972],[113.92980211500003,-6.938058737999938],[113.92712096800005,-6.938398308999979],[113.92722141400009,-6.9380124339999725],[113.92635747800011,-6.93750876799993],[113.92538700000011,-6.938544999999976],[113.92284300100005,-6.9369079989999705],[113.92181400100003,-6.9370119999999815],[113.9220110010001,-6.936375001999977],[113.92133100000001,-6.935539999999946],[113.92038600000001,-6.935623999999962],[113.92003100000011,-6.936376999999936],[113.91879100100005,-6.936378999999931],[113.91801200100008,-6.9371099999999615],[113.91415436000011,-6.935191900999939]]]}},{"type":"Feature","properties":{"name":"Dungkek","kode_kec":"35.29.18"},"geometry":{"type":"MultiPolygon","coordinates":[[[[114.0544951820001,-7.004762051999933],[114.04601240300008,-7.006528800999945],[114.04310351200002,-7.00777206999993],[114.04126537900004,-7.007510328999956],[114.03915360700012,-7.008479958999942],[114.03566174800005,-7.0091818999999305],[114.03545354500011,-7.008813083999939],[114.03219368300006,-7.00915215699996],[114.03107533700006,-7.008539445999929],[114.02972499300006,-7.00867031599995],[114.02863044100002,-7.007778017999954],[114.02603837800007,-7.00714071699997],[114.0281857110001,-6.99453030799998],[114.0271649980001,-6.990558867999937],[114.02564701200004,-6.989219213999945],[114.03152606100002,-6.978700831999959],[114.03146895500004,-6.977387368999928],[114.03337014400006,-6.973694921999936],[114.03325712100002,-6.971618843999977],[114.03255517900004,-6.972249399999953],[114.03254328100002,-6.971208384999954],[114.03205549100005,-6.971255973999973],[114.03297158400005,-6.968864617999941],[114.03266558600001,-6.966598178999959],[114.03182852400005,-6.96637889699997],[114.03232016600009,-6.965351083999963],[114.0298552480001,-6.96386205999994],[114.03207385700011,-6.963039486999946],[114.03262846300004,-6.960960439999951],[114.03378216500005,-6.95975641299998],[114.0347101530001,-6.9600919159999535],[114.03609868500007,-6.959275629999979],[114.03683044500008,-6.956090998999969],[114.04315040600011,-6.958481033999931],[114.04469705600002,-6.958219290999978],[114.04987809400006,-6.946588048999956],[114.05247486500002,-6.942077443999949],[114.06780214700007,-6.946521854999958],[114.0686974250001,-6.945449263999933],[114.069527504,-6.945900406999954],[114.07223251100004,-6.941558191999945],[114.07503808900003,-6.934520934999966],[114.0756234370001,-6.934799331999955],[114.07608425800004,-6.934267520999981],[114.0773539710001,-6.934914824999964],[114.08166695500006,-6.93531708699993],[114.0823247300001,-6.933319026999925],[114.08418027500011,-6.9302829089999705],[114.0873079800001,-6.92719477199995],[114.09271289500009,-6.9299684539999475],[114.09804526700009,-6.9334377079999285],[114.1032100000001,-6.9376459999999724],[114.10611164000011,-6.941011531999948],[114.11227206400008,-6.952076025999929],[114.114199428,-6.957172831999969],[114.11434870800008,-6.958783616999938],[114.11579336200009,-6.960877296999968],[114.1198458880001,-6.97026462599996],[114.12176611400002,-6.973783848999972],[114.12440864400003,-6.976632259999974],[114.12463723300004,-6.977486041999953],[114.12384796000003,-6.978482405999955],[114.12047600000005,-6.980511999999976],[114.11792700000001,-6.981595999999968],[114.11319291600012,-6.982471260999944],[114.11101570900007,-6.9806295579999755],[114.10533900000007,-6.979567999999972],[114.09909460900008,-6.979394617999958],[114.09890187300005,-6.979872889999967],[114.09848546700005,-6.979147153999975],[114.09273312000005,-6.98005134899995],[114.08759943300004,-6.982859112999961],[114.08252523200008,-6.987612085999956],[114.06731452800011,-6.998266122999951],[114.05979543100011,-7.003048839999963],[114.0544951820001,-7.004762051999933]]],[[[114.18432296600008,-6.98749528299993],[114.18462040600002,-6.98808540999994],[114.18427690400006,-6.989506210999934],[114.1837947250001,-6.989772426999934],[114.1830166420001,-6.995568793999951],[114.18375893400002,-6.99856359599994],[114.18256882700007,-7.002343277999955],[114.1805462850001,-7.0043134719999784],[114.17769807000002,-7.00510583199997],[114.17721623000011,-7.004613283999959],[114.17610621100005,-7.004673959999934],[114.17158761500002,-7.002978593999956],[114.16654077800001,-7.002314723999973],[114.16297158600003,-7.0005217999999445],[114.16138377200002,-6.999042508999935],[114.16108396000004,-6.998185902999978],[114.16150512400009,-6.995716022999943],[114.16429361100006,-6.989361793999933],[114.16519778100007,-6.981070408999926],[114.16699847400002,-6.9737623469999335],[114.1683369640001,-6.971520600999952],[114.16885666900009,-6.969512911999971],[114.17101464000007,-6.9664807749999795],[114.17253749500003,-6.966141701999959],[114.17418027500003,-6.96506790899997],[114.17775163200008,-6.964883586999974],[114.18247769400011,-6.967289791999974],[114.1863969420001,-6.971478183999977],[114.18724256400003,-6.9750587319999795],[114.18713548900007,-6.9800437029999784],[114.18659297200008,-6.981877374999954],[114.1858220260001,-6.981716760999973],[114.18616109900006,-6.982537675999936],[114.18547224500003,-6.983640555999955],[114.18570067400003,-6.984839803999932],[114.18432296600008,-6.98749528299993]]]]}},{"type":"Feature","properties":{"name":"Gapura","kode_kec":"35.29.19"},"geometry":{"type":"Polygon","coordinates":[[[113.91007451000007,-7.01756589799993],[113.90931070200008,-7.0210946379999655],[113.90835891800009,-7.021544354999946],[113.90704307700003,-7.021244541999977],[113.90552180500003,-7.022611028999961],[113.90525054700004,-7.021786544999941],[113.90363727200008,-7.022204138999939],[113.90295912700003,-7.0212440279999555],[113.90188479900007,-7.021993558999952],[113.89728161200003,-7.019831729999964],[113.89814971500005,-7.017604740999957],[113.8994614500001,-7.015831080999931],[113.90119797600005,-7.00721696599993],[113.90142991300002,-7.003807129999927],[113.90197302400009,-7.0031009929999755],[113.90145196900005,-7.00250903999995],[113.90206960900002,-7.001378956999929],[113.9020399740001,-6.99972403299995],[113.9012930130001,-6.999266974999955],[113.90092101200003,-6.99732297099996],[113.90051999700006,-6.997231509999949],[113.90038403100004,-6.994705955999962],[113.89877698900011,-6.993749980999951],[113.8994879930001,-6.992974016999938],[113.90029198900004,-6.993034008999928],[113.90045997300001,-6.992502024999965],[113.89993102200003,-6.991847966999956],[113.89819802500006,-6.9917690349999475],[113.89763700900005,-6.991161960999932],[113.89640600500002,-6.9908970179999415],[113.89563098300005,-6.991231030999927],[113.8949199860001,-6.990580973999954],[113.894733986,-6.991154980999966],[113.89516898600004,-6.991373971999963],[113.89466401200002,-6.991924016999974],[113.893846972,-6.991573958999936],[113.89366201200005,-6.990525026999933],[113.89291000800006,-6.989863022999941],[113.89261598700011,-6.9900649969999336],[113.8916930040001,-6.988830994999944],[113.89178398800004,-6.987804030999939],[113.89047003100006,-6.9860150059999455],[113.89095999000006,-6.98520500199993],[113.8917069900001,-6.985104035999939],[113.89176197400002,-6.982720010999969],[113.89394091400004,-6.981521010999927],[113.89448812100011,-6.98211725799996],[113.89541671400002,-6.981935068999974],[113.89714345800007,-6.9824976999999535],[113.89813838000009,-6.981586767999943],[113.89891773600004,-6.981785516999935],[113.89999556800001,-6.981040210999936],[113.901167181,-6.981891212999926],[113.90182377700012,-6.981148876999953],[113.90653980700006,-6.9833559509999645],[113.90670161700007,-6.984431266999934],[113.90815476000012,-6.984404634999976],[113.90931460700006,-6.9852035829999295],[113.91043446000003,-6.9850304769999525],[113.91086478400007,-6.983975116999943],[113.91189319600005,-6.984611351999945],[113.91729190300009,-6.984508941999934],[113.91851038900006,-6.981866406999927],[113.92078914800004,-6.979182101999982],[113.92587768800001,-6.98123142299994],[113.92950328300003,-6.981311289999951],[113.93335053500005,-6.982101401999955],[113.93597311600001,-6.979139411999938],[113.93568200100003,-6.9768889999999715],[113.93655600000011,-6.97275499899996],[113.93750000000011,-6.972258001999933],[113.93865499900005,-6.972587000999965],[113.94023700000002,-6.971667999999966],[113.94233900000006,-6.972002998999926],[113.94318200000009,-6.97113799899995],[113.94392700000003,-6.9691479999999615],[113.94407100000001,-6.9673349999999346],[113.94581300000004,-6.966792999999939],[113.94621000000006,-6.965351000999931],[113.94754100000011,-6.964798999999971],[113.95058300000005,-6.964750999999978],[113.95107800000005,-6.96531300099997],[113.9520780680001,-6.965390647999925],[113.95252273400001,-6.967151489999935],[113.95478664100006,-6.966955734999942],[113.95629895000002,-6.9680537379999805],[113.958112357,-6.968233872999974],[113.9583771230001,-6.9688285609999525],[113.959510206,-6.969333841999969],[113.95923033300005,-6.969862723999938],[113.96003784700008,-6.9701462139999535],[113.96037076100004,-6.972395886999948],[113.96117812400007,-6.972398355999928],[113.96174490400006,-6.97360363599995],[113.96334548300001,-6.973130160999972],[113.96378539900002,-6.972041411999953],[113.9642112460001,-6.972400218999951],[113.96446529100001,-6.971899811999947],[113.965120006,-6.972165684999936],[113.96533489900003,-6.971560629999942],[113.96710434600004,-6.97212067199996],[113.96952578500009,-6.971841305999931],[113.97000863300002,-6.9711159629999315],[113.97087939900007,-6.9708624889999555],[113.97147627400011,-6.971287262999965],[113.97260735400005,-6.969916944999966],[113.97314060300005,-6.970251136999934],[113.97329768200007,-6.969625547999954],[113.97425918200008,-6.969793903999971],[113.97422329500012,-6.970474051999929],[113.97528350800008,-6.9715358499999525],[113.97744421100003,-6.976512619999937],[113.98656403400003,-6.978272380999954],[113.98661263500003,-6.97925487599997],[113.9896641360001,-6.9790225639999335],[113.99295642100003,-6.980320517999928],[113.99535162400002,-6.979710205999936],[113.99681629800011,-6.978465883999945],[114.00040472300009,-6.977413475999981],[114.00202111500005,-6.975735972999928],[114.00223222600005,-6.976164022999967],[114.00539058000004,-6.975671064999972],[114.00620917000003,-6.976586246999943],[114.00621361800006,-6.977672641999959],[114.00585028800003,-6.9786017999999785],[114.00492306000001,-6.978956809999943],[114.0060819570001,-6.980326795999929],[114.00443973100005,-6.982905406999976],[114.00350389500011,-6.983140976999948],[114.00407293500007,-6.984514506999972],[114.0125345130001,-6.9860500629999365],[114.02354091300003,-6.98692144499995],[114.02695611600006,-6.990140138999948],[114.02806234400009,-6.993400250999969],[114.02603837800007,-7.00714071699997],[114.02067114400006,-7.006070754999939],[114.01510320500006,-7.0072545369999375],[114.01504371800002,-7.0065347499999575],[114.01389562800011,-7.006653722999943],[114.01218836500004,-7.005392608999955],[114.00858348200006,-7.006011268999941],[114.0072271890001,-7.005541324999967],[114.00489531700009,-7.006094549999943],[114.00196858000004,-7.005487786999936],[113.99986177800008,-7.006414890999963],[113.99925638200011,-7.005960695999931],[113.9985853290001,-7.006260273999942],[113.9955686620001,-7.00855232899994],[113.99512700600008,-7.009705168999972],[113.9950244910001,-7.009757109999953],[113.99557732300002,-7.008392390999973],[113.9954464430001,-7.007577567999931],[113.99494506400004,-7.007330166999964],[113.99305615200001,-7.0075846699999715],[113.99260133400003,-7.007045751999954],[113.98958191700001,-7.00840773799996],[113.98895251400006,-7.008282515999952],[113.98565242400002,-7.0110489879999704],[113.98340454600009,-7.013697845999957],[113.98151713300001,-7.014835502999972],[113.97576647400001,-7.0210699479999334],[113.9732733620001,-7.024369148999938],[113.97125684700006,-7.028708070999926],[113.96831303800002,-7.033448824999937],[113.9673874660001,-7.035950623999952],[113.96669717500004,-7.036091239999962],[113.96609640100007,-7.0379020689999265],[113.96171474500011,-7.040687103999971],[113.96001201700005,-7.038420577999943],[113.956774644,-7.04035941099994],[113.95199905600009,-7.041168314999936],[113.94932829200002,-7.040255895999962],[113.94746181000005,-7.042184354999961],[113.94676460900007,-7.041858969999964],[113.9482595610001,-7.03966597699997],[113.94771273600008,-7.0393089329999725],[113.94961155600004,-7.034678203999931],[113.95036948000006,-7.034702154999934],[113.94901946300001,-7.034010318999947],[113.94470336400002,-7.038456118999932],[113.93882636100011,-7.035350107999932],[113.93806226400011,-7.033875294999973],[113.93815578100009,-7.0331223559999785],[113.93993072900003,-7.032356179999965],[113.94172476100005,-7.030686761999959],[113.94097426600001,-7.0300516519999405],[113.94190073700008,-7.02841751699998],[113.94130601900008,-7.028082819999952],[113.94204948700008,-7.02744060699996],[113.94151688600004,-7.0273052369999505],[113.94135763300005,-7.02668553999996],[113.94107920800002,-7.027097333999961],[113.94029500900001,-7.026706324999964],[113.93982828900005,-7.024971837999942],[113.93878292200009,-7.024457410999958],[113.93965829000001,-7.023172121999949],[113.93613995200008,-7.022904951999976],[113.93648115700012,-7.02143571299996],[113.93435640400003,-7.021067524999978],[113.93322245000002,-7.021458594999956],[113.93281006200004,-7.020328401999961],[113.93248715100003,-7.021288136999942],[113.92953099100009,-7.02142611499994],[113.92687636700009,-7.0193044919999465],[113.92665374100011,-7.01993667499994],[113.92565687800004,-7.019205324999973],[113.92441866000001,-7.019384514999956],[113.92360058300005,-7.018168206999974],[113.92329726000003,-7.01930992299998],[113.92234375200007,-7.019695098999932],[113.92278663400009,-7.02070142499997],[113.92407095600004,-7.021722006999937],[113.92259031700007,-7.022992341999952],[113.92244883500007,-7.023645128999931],[113.9203561600001,-7.022615111999926],[113.91830982500005,-7.024692380999966],[113.91752460200007,-7.024944605999963],[113.91693449500008,-7.024261698999965],[113.91746987400006,-7.022745983999926],[113.91593512200006,-7.022548486999938],[113.9132177780001,-7.023138592999942],[113.91355566100003,-7.021175537999966],[113.91209467200008,-7.021649052999976],[113.91057181800011,-7.020466458999977],[113.91312735800011,-7.019981048999966],[113.91319160300009,-7.019074473999979],[113.9126776390001,-7.018846046999954],[113.9115521540001,-7.019445669999925],[113.91133800300008,-7.018015613999978],[113.91050043300004,-7.017420750999975],[113.91007451000007,-7.01756589799993]]]}},{"type":"Feature","properties":{"name":"Gayam","kode_kec":"35.29.20"},"geometry":{"type":"Polygon","coordinates":[[[114.38493263600003,-7.181166699999949],[114.38354660000005,-7.181410594999932],[114.38213082100003,-7.180899009999962],[114.38191666900002,-7.179840149999961],[114.38029863600002,-7.179477281999937],[114.37810953200005,-7.17991748299994],[114.37719938800001,-7.179554614999972],[114.36928173100011,-7.179988866999963],[114.36847866300002,-7.179495127999928],[114.36341041100002,-7.179078722999975],[114.358276724,-7.176074652999944],[114.35590916100011,-7.175741528999936],[114.35490978700011,-7.174462567999967],[114.35239192400002,-7.1732476949999295],[114.34463100000005,-7.171569999999974],[114.33934811200004,-7.1679904339999325],[114.336117994,-7.166717422999966],[114.3357551260001,-7.167115982999974],[114.3338039680001,-7.166211786999952],[114.33360766200008,-7.166854241999943],[114.33356602200001,-7.166289119999931],[114.33120500000007,-7.165562999999963],[114.33079989800001,-7.165914354999927],[114.33057385000006,-7.165367078999964],[114.32834905300001,-7.1647365219999415],[114.32758762600008,-7.164879288999941],[114.32740321800009,-7.165753740999946],[114.32682619800005,-7.166104711999935],[114.32692732600003,-7.1649863649999475],[114.32617061200006,-7.16448117799996],[114.3229532040001,-7.164020846999961],[114.31747700000005,-7.161935999999969],[114.31481586900009,-7.16022744299994],[114.31250000000011,-7.159444999999948],[114.30966433600008,-7.157419678999929],[114.30905162500005,-7.156200204999948],[114.30421537000007,-7.152114670999936],[114.30275914000003,-7.150201583999944],[114.30295187600007,-7.149873217999925],[114.3018454270001,-7.149409222999964],[114.29897579700003,-7.145768647999944],[114.29516390100002,-7.14241360799997],[114.29434298600006,-7.140307784999948],[114.29219433300011,-7.137836714999935],[114.29220028200007,-7.135748737999961],[114.28932113400003,-7.13239369799993],[114.28825632500002,-7.130579358999967],[114.28796484100008,-7.128985119999925],[114.28726730100004,-7.128723410999953],[114.28719746500008,-7.127991694999935],[114.28659665100008,-7.127569340999969],[114.2869773650001,-7.126326071999927],[114.28641224300009,-7.125766898999927],[114.28537122900002,-7.1257550019999485],[114.28590660700002,-7.124517681999976],[114.28383200100006,-7.122511999999972],[114.28191400000003,-7.118692999999951],[114.28200300000003,-7.117832999999962],[114.27645900000005,-7.110735999999974],[114.27426700000001,-7.102355999999929],[114.2726583330001,-7.099651865999931],[114.27138602600007,-7.095535132999942],[114.27142885600006,-7.094185978999974],[114.27083637100009,-7.0940717639999775],[114.27138602600007,-7.093757675999939],[114.27189104400009,-7.0906391649999705],[114.27399082800002,-7.086389648999955],[114.27837665800007,-7.089838891999932],[114.28002622200006,-7.089310852999972],[114.28263275300003,-7.089535231999946],[114.28686669800004,-7.091118605999952],[114.28797225400001,-7.090853693999975],[114.28965723700003,-7.091555161999963],[114.29046170600009,-7.093163216999926],[114.29153655900006,-7.093728731999931],[114.29238219900003,-7.0936744349999685],[114.29617445800011,-7.090023422999934],[114.29813096200007,-7.089428894999969],[114.29961197000011,-7.089750374999937],[114.30171632300005,-7.08946724599997],[114.30365661200005,-7.090698675999931],[114.3054668210001,-7.093395338999926],[114.30643566100002,-7.096022951999942],[114.30873035900004,-7.098927948999972],[114.31154515700007,-7.100458482999954],[114.31382841400011,-7.10102287899997],[114.32018162800011,-7.10022584099994],[114.32300263400009,-7.097948279999969],[114.32586795000009,-7.096406136999974],[114.33048471600011,-7.096116432999963],[114.33362280900008,-7.094729368999936],[114.33476479100011,-7.094905386999926],[114.34172713600003,-7.097544127999981],[114.34239709500002,-7.099576257999956],[114.34408354900006,-7.100128989999973],[114.34527587700006,-7.1030273439999405],[114.34368896300009,-7.105224608999947],[114.34362681000005,-7.1067431969999575],[114.34312174800004,-7.107526044999929],[114.34387207000009,-7.108215331999929],[114.34771728500004,-7.107910154999956],[114.34948730500003,-7.109008790999951],[114.34999106200007,-7.108495898999934],[114.35335106800005,-7.108608106999952],[114.35827636500005,-7.109680177999962],[114.35913085900006,-7.109497068999929],[114.3615106850001,-7.107178278999982],[114.36767578100012,-7.105224608999947],[114.3710937510001,-7.106811522999976],[114.3745463680001,-7.107681771999978],[114.37458919900007,-7.111532248999936],[114.3752735920001,-7.112504865999938],[114.37591693800005,-7.115253725999935],[114.37778243500009,-7.11553926199997],[114.38059495800007,-7.12145936099995],[114.38217492000001,-7.122696679999933],[114.38293634800004,-7.122696679999933],[114.38540146900004,-7.126418156999932],[114.38855060700007,-7.1290446059999795],[114.39164152600006,-7.132856502999971],[114.39371165800003,-7.140837214999976],[114.39391153200006,-7.152251489999969],[114.39613870800008,-7.1579336429999785],[114.39842299000009,-7.161138775999973],[114.4040547510001,-7.163578036999979],[114.4065107780001,-7.165357560999951],[114.4072745850001,-7.1652718999999365],[114.4070104650001,-7.167706088999978],[114.40595727200002,-7.16974576299998],[114.39996488100007,-7.174666011999932],[114.3989012620001,-7.174401891999935],[114.39818028500008,-7.175872398999957],[114.39688823800009,-7.175715354999966],[114.39183203900006,-7.179471469999953],[114.38895987400008,-7.180375528999946],[114.38756788900002,-7.181464131999974],[114.386752924,-7.1816961299999775],[114.38614021300009,-7.180595628999981],[114.38543229400011,-7.1810122519999595],[114.38523006900004,-7.180690807999952],[114.38493263600003,-7.181166699999949]]]}},{"type":"Feature","properties":{"name":"Nonggunong","kode_kec":"35.29.21"},"geometry":{"type":"MultiPolygon","coordinates":[[[[114.3730913280001,-7.092086103999975],[114.37425726400011,-7.095857549999948],[114.374836662,-7.099991862999957],[114.3746986540001,-7.103556295999965],[114.3753030370001,-7.105069632999971],[114.3745463680001,-7.107681771999978],[114.3710937510001,-7.106811522999976],[114.36767578100012,-7.105224608999947],[114.3615106850001,-7.107178278999982],[114.35913085900006,-7.109497068999929],[114.35748291000004,-7.109680177999962],[114.35335106800005,-7.108608106999952],[114.34999106200007,-7.108495898999934],[114.34948730500003,-7.109008790999951],[114.34771728500004,-7.107910154999956],[114.34387207000009,-7.108215331999929],[114.34312174800004,-7.107526044999929],[114.34362681000005,-7.1067431969999575],[114.34368896300009,-7.105224608999947],[114.34527587700006,-7.1030273439999405],[114.34408354900006,-7.100128989999973],[114.34239709500002,-7.099576257999956],[114.34172713600003,-7.097544127999981],[114.33421047500008,-7.094738908999943],[114.33048471600011,-7.096116432999963],[114.32481468500009,-7.096752134999974],[114.32074171600004,-7.099899034999964],[114.31928300900006,-7.100511587999961],[114.31382841400011,-7.10102287899997],[114.31154515700007,-7.100458482999954],[114.30873035900004,-7.098927948999972],[114.30643566100002,-7.096022951999942],[114.3054668210001,-7.093395338999926],[114.30365661200005,-7.090698675999931],[114.30171632300005,-7.08946724599997],[114.29961197000011,-7.089750374999937],[114.29813096200007,-7.089428894999969],[114.29617445800011,-7.090023422999934],[114.29238219900003,-7.0936744349999685],[114.29153655900006,-7.093728731999931],[114.29046170600009,-7.093163216999926],[114.28965723700003,-7.091555161999963],[114.28797225400001,-7.090853693999975],[114.28686669800004,-7.091118605999952],[114.28263275300003,-7.089535231999946],[114.28002622200006,-7.089310852999972],[114.27837665800007,-7.089838891999932],[114.27399082800002,-7.086389648999955],[114.2756405020001,-7.082664627999975],[114.28609109500007,-7.072963565999942],[114.28819691800004,-7.070101073999979],[114.29139491400008,-7.067759684999942],[114.29368633500007,-7.065168451999966],[114.298043,-7.062044999999955],[114.3016618040001,-7.060364319999962],[114.3065711160001,-7.058986611999956],[114.31428770800005,-7.05844409499997],[114.32194719300003,-7.056345409999949],[114.32947818700006,-7.055203268999946],[114.33244600000012,-7.055650999999955],[114.33516947300006,-7.056685204999951],[114.34049985000001,-7.060107337999966],[114.34306966800011,-7.063369578999925],[114.34618200300008,-7.0660536109999725],[114.34669596700007,-7.067067261999966],[114.34609634300011,-7.068102326999963],[114.34838062500012,-7.068537767999942],[114.35035171000004,-7.069734174999951],[114.35653027900003,-7.075709463999942],[114.36904624400006,-7.085221358999945],[114.37053935600011,-7.0869643139999425],[114.3730913280001,-7.092086103999975]]],[[[114.49147300000004,-6.998933999999963],[114.48514300000011,-6.999776999999938],[114.48970300000008,-6.992883999999947],[114.49228200000005,-6.985603999999967],[114.49292300000002,-6.9875129999999785],[114.49540300000001,-6.989652999999976],[114.49566200000004,-6.991077999999959],[114.49525000000006,-6.992886999999939],[114.49407500000007,-6.995833999999945],[114.49147300000004,-6.998933999999963]]],[[[114.43550100000004,-6.967219999999941],[114.4361080000001,-6.96713699999998],[114.43676800000003,-6.968540999999959],[114.43557800000008,-6.970543999999961],[114.43474600000002,-6.970751999999948],[114.43395300000009,-6.977206999999964],[114.43203200000005,-6.980708999999933],[114.43108800000005,-6.979862999999966],[114.42844400000001,-6.973953999999935],[114.42844000000002,-6.969926999999927],[114.42969300000004,-6.966951999999935],[114.43247700000006,-6.96260099999995],[114.43297700000005,-6.962844999999959],[114.43324600000005,-6.964978999999971],[114.43413300000009,-6.967038999999943],[114.4348030000001,-6.9678709999999455],[114.435246,-6.967892999999947],[114.43550100000004,-6.967219999999941]]]]}},{"type":"Feature","properties":{"name":"Raas","kode_kec":"35.29.22"},"geometry":{"type":"MultiPolygon","coordinates":[[[[114.60562741500007,-7.159670627999958],[114.6052585970001,-7.161824040999932],[114.60340261800002,-7.162169061999975],[114.60174889200005,-7.16002754699997],[114.6011897190001,-7.159920471999953],[114.60089228600009,-7.1602892879999445],[114.60130869200009,-7.161288661999947],[114.60054726400006,-7.162490289999937],[114.60011896200001,-7.162882900999932],[114.59959548000006,-7.1622047539999585],[114.59876266900005,-7.163775198999929],[114.59769191100008,-7.1641202199999725],[114.59597869900006,-7.164227295999979],[114.59543142300004,-7.162597364999954],[114.59552660200006,-7.164144014999977],[114.59442015200011,-7.164132117999941],[114.59430117900001,-7.162775824999926],[114.59394426000006,-7.163654697999959],[114.59233800000004,-7.164348999999959],[114.5913240000001,-7.164162999999974],[114.59036317100004,-7.163204127999961],[114.5884358080001,-7.163287408999963],[114.58682967200002,-7.162371316999952],[114.58455728700005,-7.164013144999956],[114.57798997400005,-7.163977452999973],[114.57754977400009,-7.164715085999944],[114.57633624900006,-7.164869750999969],[114.57595553500005,-7.166142761999936],[114.57550343700007,-7.166309324999929],[114.57322351700009,-7.1646115789999385],[114.57382314100005,-7.163374258999966],[114.57497004200002,-7.1631315539999605],[114.57561725500011,-7.162046519999933],[114.57541738000009,-7.160062049999965],[114.57433710500004,-7.159866933999979],[114.5726810000001,-7.157116276999943],[114.57087736900007,-7.155907510999953],[114.5674319090001,-7.154517905999967],[114.5665848210001,-7.154575012999942],[114.56571232200008,-7.153656756999965],[114.56567400000006,-7.151577999999972],[114.56523900000002,-7.150949999999966],[114.56358300000011,-7.151054999999928],[114.56162200000006,-7.149646999999959],[114.55785300000002,-7.149094999999932],[114.55670100000009,-7.147630999999933],[114.55590800000004,-7.144978999999978],[114.55439700000011,-7.14425099999994],[114.55286400000011,-7.142289999999946],[114.55101700000012,-7.14173999999997],[114.54866000000004,-7.142200999999943],[114.54739300000006,-7.1431689999999435],[114.54369300000008,-7.143557999999928],[114.54058000000009,-7.142774999999972],[114.53916900000002,-7.141909999999939],[114.53312700000004,-7.141741999999965],[114.5310280000001,-7.143050999999957],[114.52909800000009,-7.143489999999929],[114.51457900000003,-7.143663999999944],[114.50945200000001,-7.144999999999925],[114.50713300000007,-7.145045999999979],[114.50878896500001,-7.145553061999976],[114.50885440000002,-7.146379924999962],[114.50752785100008,-7.146730894999962],[114.50726014600002,-7.145967016999975],[114.5067038410001,-7.146294274999946],[114.50588959200002,-7.1459103779999396],[114.50565640500008,-7.146405304999973],[114.50471413800005,-7.146462412999938],[114.50698414400006,-7.147918642999969],[114.50801207100005,-7.149517639999942],[114.50595774100009,-7.152971255999944],[114.5092485350001,-7.153813584999966],[114.51046206100011,-7.152435876999959],[114.51009800300005,-7.15371364799995],[114.50021695700002,-7.157070049999959],[114.49634795300005,-7.158926028999929],[114.49469700000009,-7.158622999999977],[114.48802459900003,-7.159539929999937],[114.48572603900004,-7.15931150199998],[114.48098119300005,-7.15706077599998],[114.47843992900005,-7.15229947499995],[114.47593435600004,-7.14995808499998],[114.47511344200007,-7.148159211999939],[114.47490642900004,-7.146267540999929],[114.47602735600003,-7.142756798999926],[114.47598928500008,-7.141091175999975],[114.48109084900011,-7.138207268999963],[114.48250900800008,-7.138854482999932],[114.48731689800002,-7.139114900999971],[114.49370084000009,-7.137930384999947],[114.49623316700001,-7.136880490999943],[114.49670847800007,-7.137835206999966],[114.49754757400001,-7.137490140999944],[114.49829320000003,-7.136171963999971],[114.49912359500001,-7.135758803999977],[114.49929967500009,-7.136096686999963],[114.49883330000011,-7.135987231999934],[114.49835030700001,-7.136585989999958],[114.50022770100009,-7.136785864999979],[114.49977199800003,-7.138752165999961],[114.50190756400002,-7.139104325999938],[114.50118420800004,-7.140236948999927],[114.49900462200003,-7.141645589999939],[114.49938900000006,-7.1429129999999645],[114.50113600000009,-7.143656999999962],[114.50302900000008,-7.143773999999951],[114.50330300000007,-7.144360999999947],[114.50767537800004,-7.14431058699995],[114.50852246600004,-7.144148782999935],[114.50884200000007,-7.143395999999939],[114.51302400000009,-7.142924999999934],[114.51593000000003,-7.141695499999969],[114.5138398470001,-7.138602259999971],[114.51468455600002,-7.1370675069999265],[114.51396278600009,-7.135583912999948],[114.51922615400008,-7.134774896999943],[114.52300473800005,-7.133294871999965],[114.52429916500012,-7.133228246999977],[114.5256125840001,-7.133804201999965],[114.52578390600002,-7.132997563999936],[114.52926981600001,-7.132144527999969],[114.53763600100001,-7.132011277999936],[114.5384640530001,-7.130897689999927],[114.53966330200001,-7.130459868999935],[114.54167394600006,-7.130158866999977],[114.5426673710001,-7.130807270999981],[114.54274470400003,-7.130218353999965],[114.54721809000011,-7.129403388999947],[114.54728352600011,-7.128689549999933],[114.54775941800006,-7.128564628999925],[114.5487706890001,-7.1292368259999535],[114.5487528430001,-7.129897126999936],[114.55154276100006,-7.130551478999962],[114.55183424500001,-7.130254045999948],[114.5517866560001,-7.1308310649999385],[114.55423155200003,-7.131842335999977],[114.55455872800007,-7.131015472999934],[114.55656937200001,-7.13181259299995],[114.5569381890001,-7.130872705999934],[114.55673593400002,-7.131741208999927],[114.55781264100006,-7.1318601819999685],[114.55788402400003,-7.132342022999978],[114.55834207100008,-7.13181259299995],[114.56120337200002,-7.132954733999952],[114.56403493100004,-7.1328298119999545],[114.5650759450001,-7.132240895999928],[114.56580168100004,-7.132889298999942],[114.56592065400002,-7.132092179999972],[114.56951364000008,-7.131318854999961],[114.57219053400001,-7.129962561999946],[114.57251771000006,-7.130242148999969],[114.57368364500007,-7.129040520999979],[114.57573593100005,-7.128362373999948],[114.5760809520001,-7.128731190999929],[114.57586680100007,-7.130004202999942],[114.57721714500008,-7.129909023999971],[114.57743197900004,-7.130261407999967],[114.57671745800008,-7.130593118999968],[114.57783580500006,-7.131182035999927],[114.57786554800009,-7.131634132999977],[114.57852169400007,-7.131562105999933],[114.57819867300009,-7.133335447999968],[114.5792991730001,-7.132193306999966],[114.58044131500003,-7.1325085849999255],[114.58091720700008,-7.133365190999939],[114.58135740700004,-7.1328298119999545],[114.58151207200001,-7.13356149699996],[114.58186304300011,-7.132627557999967],[114.58361194700001,-7.132371765999949],[114.58359410100002,-7.132823863999931],[114.58554525900001,-7.1332878589999495],[114.58536085000003,-7.13407308099994],[114.58572966700001,-7.133115347999933],[114.58706811400009,-7.133805390999953],[114.58725252200009,-7.1333830369999305],[114.58818646000009,-7.133484163999981],[114.58841845800009,-7.132514533999938],[114.59018700000001,-7.132458999999926],[114.59179729200002,-7.134537075999958],[114.59541407300003,-7.137017663999927],[114.59743066600004,-7.136934382999925],[114.59860849900008,-7.137832628999945],[114.60060724700008,-7.13695817699994],[114.60176723400002,-7.137404325999967],[114.60284988900003,-7.1370474069999545],[114.60347259000002,-7.135333212999967],[114.60394300000007,-7.135183999999981],[114.60498545500002,-7.137856423999949],[114.60562790900008,-7.137957550999943],[114.60587180400012,-7.137410274999979],[114.60686400000009,-7.137098999999978],[114.60755288500002,-7.13738594299997],[114.60773262500004,-7.138508667999929],[114.60958376300005,-7.139587481999968],[114.61120187900008,-7.138927452999951],[114.61190620000002,-7.1395937019999565],[114.6131720730001,-7.139298648999954],[114.61456873400004,-7.142151350999939],[114.61210004300005,-7.146398688999966],[114.6128920000001,-7.146980999999926],[114.61371965700005,-7.146867282999949],[114.61370618000001,-7.14831415499998],[114.61515765100012,-7.148147592999976],[114.6165615330001,-7.147177961999944],[114.61516359900008,-7.148700816999963],[114.61364074400001,-7.148778149999941],[114.61594287300011,-7.153019538999956],[114.6134439430001,-7.155399495999973],[114.61105258500004,-7.156315587999927],[114.61100499600002,-7.1569342479999705],[114.60987475200011,-7.157957415999931],[114.60622227900001,-7.159218530999965],[114.60562741500007,-7.159670627999958]]],[[[114.58626846200002,-7.129016667999963],[114.58184793800001,-7.129349285999979],[114.5805561630001,-7.13025280599993],[114.57964871900003,-7.129709103999971],[114.58066765700005,-7.127931190999959],[114.5841213650001,-7.126390792999928],[114.58558140700006,-7.126246954999942],[114.58737684000005,-7.127337251999961],[114.58626846200002,-7.129016667999963]]],[[[114.53531372900011,-7.121486003999962],[114.53627503200005,-7.121466967999936],[114.53591335300007,-7.121971413999972],[114.53626551400009,-7.122275984999931],[114.53782644000012,-7.121676359999981],[114.53874293500007,-7.121937374999959],[114.5377788510001,-7.12280898399996],[114.53800313700003,-7.123412232999954],[114.53660260400011,-7.12332056799994],[114.53782467700012,-7.124506784999937],[114.53764361800006,-7.1252300849999415],[114.53607912300004,-7.125402595999958],[114.53436591100001,-7.122267655999963],[114.53283909000004,-7.122580555999946],[114.53299137500005,-7.119630023999946],[114.53381528600005,-7.119343354999955],[114.53470458700008,-7.119867969999973],[114.53531372900011,-7.121486003999962]]],[[[114.57412379300001,-7.076488334999965],[114.5722226040001,-7.076440745999946],[114.57129699300003,-7.075902987999939],[114.57489902100008,-7.07492026999995],[114.5779042800001,-7.071244002999947],[114.57880371700003,-7.071229725999956],[114.57962820000012,-7.072909625999955],[114.57912256500003,-7.074117201999968],[114.57695130600007,-7.075515134999932],[114.57412379300001,-7.076488334999965]]],[[[114.61135359000002,-7.166185562999942],[114.6143799990001,-7.16446820699997],[114.61677880500008,-7.164672594999956],[114.6163614190001,-7.165808049999953],[114.61735371400005,-7.166310607999947],[114.61755558200002,-7.1692800849999685],[114.61701001600011,-7.169748654999978],[114.61268527400011,-7.170628017999945],[114.60983576900003,-7.172206184999936],[114.60744338600011,-7.171521238999958],[114.60670994300006,-7.17063178199993],[114.60502779400008,-7.171029966999981],[114.60463190500002,-7.169329346999973],[114.60598250100008,-7.166546149999931],[114.60973097500005,-7.162170454999966],[114.61277445200005,-7.161838536999937],[114.61214782700006,-7.16427876299997],[114.610783061,-7.1651164209999365],[114.61135359000002,-7.166185562999942]]],[[[114.67620041000009,-7.158235907999938],[114.6836451480001,-7.161742637999964],[114.68466357000011,-7.1637087329999645],[114.685542768,-7.163744359999953],[114.68528995100007,-7.164407634999975],[114.68411806600011,-7.165430802999936],[114.68357673900005,-7.164279738999937],[114.68216871900006,-7.164467337999952],[114.6803410330001,-7.16609991699994],[114.67917376600008,-7.166232258999969],[114.67814107600009,-7.164848366999934],[114.67767666200007,-7.164869854999949],[114.67375156000003,-7.166746140999976],[114.67263903700007,-7.166593429999978],[114.66848886800005,-7.168239120999942],[114.65671857300003,-7.170047551999971],[114.6568434940001,-7.1686912589999565],[114.65605470300011,-7.165671722999946],[114.65721427300002,-7.163700388999928],[114.65833541600011,-7.162823507999974],[114.66506750600001,-7.160481523999977],[114.66761055500001,-7.158771285999933],[114.67620041000009,-7.158235907999938]]],[[[114.76955185200006,-7.131660246999957],[114.77364161600008,-7.132504709999978],[114.7727511700001,-7.133119653999927],[114.76907833900009,-7.1327750239999546],[114.76790764400005,-7.130990428999951],[114.76799561600001,-7.129472709999959],[114.76914061600007,-7.129060709999976],[114.76810261600008,-7.1300587099999575],[114.76955185200006,-7.131660246999957]]],[[[114.78213979600002,-7.118965227999979],[114.78432817900011,-7.120100606999927],[114.78330573100004,-7.12116027999997],[114.77981387200009,-7.1300178239999354],[114.77711021000005,-7.133241398999928],[114.77527802500003,-7.133560246999934],[114.77517332900004,-7.132698881999943],[114.77374089300008,-7.130871455999966],[114.77477357900011,-7.130457428999932],[114.77470219500003,-7.128477717999942],[114.77369330400006,-7.12812079899993],[114.77346963500008,-7.128801324999927],[114.7728652510001,-7.127487861999953],[114.77314602800004,-7.127173772999981],[114.77352674200006,-7.127859057999956],[114.77406450000001,-7.126464693999935],[114.77397823800004,-7.122746501999927],[114.7758564720001,-7.120809518999977],[114.77950454300003,-7.114741683999966],[114.78123817900007,-7.115769606999947],[114.7814981790001,-7.117906606999952],[114.78213979600002,-7.118965227999979]]],[[[114.79576411300002,-7.104964478999932],[114.79510738200008,-7.1078412469999535],[114.79345841600002,-7.107520019999981],[114.79287306800006,-7.106413570999962],[114.79342200000008,-7.104391999999962],[114.79552854700012,-7.104065042999935],[114.79576411300002,-7.104964478999932]]],[[[114.69923343200003,-7.107020601999977],[114.69784144700009,-7.106592298999942],[114.69645660100002,-7.10545015799994],[114.69791283100005,-7.103915404999952],[114.6998259180001,-7.10295886199998],[114.70166048200008,-7.10403675799995],[114.70222441400006,-7.105021854999961],[114.70068252400006,-7.10675648199998],[114.69923343200003,-7.107020601999977]]],[[[114.68605359700007,-7.098361385999965],[114.68290795000007,-7.099260822999952],[114.67778497000006,-7.098216714999978],[114.67628591000005,-7.097331555999972],[114.68311258300002,-7.092512670999952],[114.68490193800005,-7.092170028999931],[114.68628678400012,-7.092707786999938],[114.68779060400004,-7.095206220999955],[114.68744796100009,-7.09686232599995],[114.68605359700007,-7.098361385999965]]],[[[115.19367344600005,-7.092211360999954],[115.19244128600008,-7.0889031699999805],[115.19324818400003,-7.086317410999925],[115.19588918400007,-7.083189410999978],[115.19798918400011,-7.082580410999981],[115.20052328000008,-7.08505981199994],[115.20097363200011,-7.086381681999967],[115.20081918400001,-7.087728410999944],[115.19710938800006,-7.092087628999934],[115.19498214900011,-7.0927110479999556],[115.19367344600005,-7.092211360999954]]],[[[114.64723705300003,-7.085813774999963],[114.64480405400002,-7.083934000999932],[114.64369760500006,-7.08045403899996],[114.64436385400006,-7.075760551999963],[114.64607706600009,-7.0732621179999455],[114.64758802400002,-7.07389862399998],[114.6488610350001,-7.075213275999943],[114.65022922600008,-7.077354790999948],[114.6509609100001,-7.0795736379999425],[114.6505380000001,-7.082434999999975],[114.64955107900005,-7.08505234699993],[114.64854575700008,-7.086182590999954],[114.64723705300003,-7.085813774999963]]]]}},{"type":"Feature","properties":{"name":"Masalembu","kode_kec":"35.29.23"},"geometry":{"type":"MultiPolygon","coordinates":[[[[114.4305974770001,-5.550902206999979],[114.43082721700011,-5.547877031999974],[114.43159052100009,-5.547061326999938],[114.43127772500009,-5.545914611999933],[114.4321588150001,-5.5472546139999395],[114.4363172510001,-5.547380326999928],[114.43751169500001,-5.546489876999942],[114.43740158700007,-5.545324697999945],[114.43858661200011,-5.544700918999979],[114.43957555800012,-5.54553610399995],[114.43923161700002,-5.549381749999952],[114.43991090200007,-5.549906900999929],[114.44115965100002,-5.549691576999976],[114.44212697500006,-5.548682509999935],[114.4428321800001,-5.549391241999956],[114.44495618000008,-5.549520836999932],[114.44631960700008,-5.547527154999955],[114.45182376500009,-5.546995951999975],[114.45234322100009,-5.548605623999947],[114.45180530900006,-5.5499387409999485],[114.45189437500005,-5.55139944299998],[114.45253547900006,-5.5527580339999645],[114.45329610100009,-5.5529052569999635],[114.451839027,-5.554092434999973],[114.45153726100011,-5.557320320999963],[114.45208742200009,-5.55811108499995],[114.45089929400001,-5.559446375999926],[114.45079789400006,-5.561377149999942],[114.45288759700009,-5.564161013999978],[114.453778295,-5.564228342999968],[114.45484510100005,-5.565246530999957],[114.45165299400003,-5.566564717999938],[114.45095094100009,-5.567280559999972],[114.45199934200002,-5.5682314619999715],[114.4517588330001,-5.568673426999965],[114.45066844700011,-5.568895271999963],[114.4501090010001,-5.568489799999952],[114.44955087300002,-5.569148474999963],[114.45060289600008,-5.571492461999981],[114.44665768100003,-5.5721265099999755],[114.44647277900003,-5.57425176299995],[114.44722079500002,-5.574540325999976],[114.44844125000009,-5.576847604999955],[114.44724705100009,-5.5790421719999586],[114.44205595800008,-5.582355600999961],[114.43483545700008,-5.588044800999967],[114.43126895700004,-5.58691407699996],[114.42954123700008,-5.586905925999929],[114.42839021800012,-5.5871354249999285],[114.42670177200011,-5.588561119999952],[114.42231866400004,-5.590030995999939],[114.42125555300004,-5.588676704999955],[114.41958239300004,-5.577126130999943],[114.4172168450001,-5.574139166999942],[114.41562863500008,-5.573171655999943],[114.41364576400008,-5.572930276999955],[114.41245788100002,-5.571232368999972],[114.40609587000006,-5.569277515999943],[114.40175106900006,-5.569886667999981],[114.39947505900011,-5.571275513999979],[114.39749196000002,-5.571293228999934],[114.39453944900004,-5.567969760999972],[114.39419032300009,-5.565739375999954],[114.3934448230001,-5.564637152999978],[114.39447465500007,-5.563369772999977],[114.39518128100008,-5.561333139999931],[114.3971458850001,-5.552983585999925],[114.39728032000005,-5.549079347999964],[114.39694349500007,-5.546693839999932],[114.39582347600003,-5.545672217999936],[114.39404134000006,-5.54504301299994],[114.3951137040001,-5.544300981999925],[114.39522272600004,-5.543364517999976],[114.39455343600002,-5.542671622999933],[114.39389940900003,-5.54309903199993],[114.39378127100008,-5.54278071799996],[114.39429023600007,-5.542061688999979],[114.39562889400008,-5.541543441999977],[114.3963556120001,-5.540406546999975],[114.39763036600004,-5.540468400999941],[114.39882118800006,-5.539165727999944],[114.40008520900005,-5.539664425999945],[114.40247589300009,-5.538613184999974],[114.404598598,-5.538871019999931],[114.40505373300005,-5.538229694999927],[114.40457511000011,-5.537249489999965],[114.40607143400007,-5.53649567399998],[114.40719310500003,-5.536656261999951],[114.40701978000004,-5.534876787999963],[114.40801667900007,-5.534806672999935],[114.40960313800008,-5.532867186999965],[114.41126456400002,-5.53328102699993],[114.4130818650001,-5.532376333999935],[114.415496673,-5.536383702999956],[114.41500393600006,-5.538763135999943],[114.4132881270001,-5.541704441999968],[114.41307458900008,-5.545652860999951],[114.41365432500004,-5.54569644399993],[114.41620677800006,-5.547975315999963],[114.41624583300006,-5.54904431999995],[114.41742384000008,-5.5503047979999565],[114.41749674000005,-5.551397962999943],[114.41970864900009,-5.5523178849999795],[114.41999524100004,-5.551700634999975],[114.4193863910001,-5.5498737039999355],[114.419543223,-5.54854119099997],[114.42112091900003,-5.546124866999946],[114.42174292300001,-5.545951340999977],[114.42261281600008,-5.546137011999974],[114.42309566100005,-5.547250104999932],[114.42377169500003,-5.5475626109999325],[114.4237677100001,-5.549787021999975],[114.42439304400011,-5.550320461999945],[114.42631996600005,-5.550159072999975],[114.42638440600001,-5.548985758999947],[114.42688312700011,-5.548803006999947],[114.42742123500011,-5.549978998999961],[114.42796851100002,-5.54930707799997],[114.42780416800008,-5.551032020999969],[114.42933346300003,-5.552294568999969],[114.4305974770001,-5.550902206999979]]],[[[114.41491700000006,-5.427908999999943],[114.42036400000006,-5.428346999999974],[114.42050100000006,-5.429000999999971],[114.42277500000012,-5.4296229999999355],[114.4240870000001,-5.431819999999959],[114.42547600000012,-5.432223999999962],[114.42771100000004,-5.434340999999961],[114.4305720000001,-5.43608299999994],[114.43135800000005,-5.437543999999946],[114.4314270000001,-5.439407999999958],[114.43531800000005,-5.442352999999969],[114.43778200000008,-5.445791999999926],[114.43952100000001,-5.449937999999975],[114.43981900000006,-5.453229999999962],[114.43916300000001,-5.456327999999928],[114.4373700000001,-5.458451999999966],[114.43317400000001,-5.459310999999957],[114.43242600000008,-5.4581439999999475],[114.43154100000004,-5.458308999999929],[114.4291300000001,-5.4615779999999745],[114.42527700000005,-5.460572999999954],[114.424034,-5.459366999999929],[114.42227100000002,-5.455990999999926],[114.41911300000004,-5.4549409999999625],[114.41727400000002,-5.45377899999994],[114.41425300000003,-5.4501469999999586],[114.41353600000002,-5.448371999999949],[114.4143140000001,-5.447750999999926],[114.41419200000007,-5.447346999999979],[114.41246000000001,-5.446389999999951],[114.41127700000004,-5.4445669999999495],[114.40953000000002,-5.439786999999967],[114.41095700000005,-5.437805999999966],[114.41199500000005,-5.434881999999959],[114.41332200000011,-5.433375999999953],[114.41162100000008,-5.431963999999937],[114.41245200000003,-5.42995899999994],[114.41491700000006,-5.427908999999943]]],[[[114.5953359990001,-5.103409804999956],[114.59409570500009,-5.104010618999951],[114.59347631000003,-5.103707206999957],[114.59323909900002,-5.102874425999971],[114.59562450900012,-5.102452071999949],[114.5953359990001,-5.103409804999956]]],[[[114.60802569200007,-5.055604968999944],[114.60804072600001,-5.057068281999932],[114.60922058200003,-5.05708857299993],[114.6104919390001,-5.058366659999933],[114.61192912000001,-5.062399125999946],[114.61190890300009,-5.064333900999941],[114.61122801400006,-5.064704870999947],[114.61177470100006,-5.066430591999961],[114.6113423700001,-5.069269342999974],[114.6115725950001,-5.071226699999954],[114.61106289000008,-5.072798906999935],[114.61198504600009,-5.073169590999953],[114.6120696380001,-5.07414169499998],[114.6110746390001,-5.0759674599999585],[114.61030296100012,-5.0766691699999456],[114.60981139400008,-5.076515026999971],[114.60937250300003,-5.078956995999931],[114.6073038720001,-5.081170679999957],[114.60684457900004,-5.082606990999977],[114.60608240600004,-5.083038058999932],[114.60407102700003,-5.090753936999931],[114.60481537800001,-5.0952726439999765],[114.60415507700009,-5.096932317999972],[114.60332345600011,-5.097098880999965],[114.60202427000002,-5.096427872999925],[114.6005884430001,-5.09466625999994],[114.59912190200009,-5.0960384879999765],[114.59598671300012,-5.095890911999959],[114.594620383,-5.094320044999961],[114.59217622400001,-5.0934302509999725],[114.59145133900006,-5.09206143199998],[114.58962328300004,-5.0906847309999534],[114.58990607400006,-5.089499355999976],[114.59117713900002,-5.087878054999976],[114.59205878300008,-5.087585850999972],[114.59259772600001,-5.086391766999952],[114.59349797000004,-5.080809010999928],[114.59378554200009,-5.075096894999945],[114.59331518400006,-5.071944839999958],[114.59136757300007,-5.071843830999967],[114.58997870900009,-5.070701178999968],[114.59041627700003,-5.069401909999954],[114.589362273,-5.067472235999958],[114.58978880300003,-5.066815051999981],[114.58813581800007,-5.065341930999978],[114.58813808200011,-5.064320624999937],[114.58899982900004,-5.0632262259999266],[114.58817749000002,-5.0617796599999565],[114.58828421800001,-5.061155548999977],[114.5888373790001,-5.05994254999996],[114.59017196200011,-5.059242122999933],[114.5913626680001,-5.058095087999959],[114.59171837600002,-5.057015337999928],[114.59317662900003,-5.055868367999949],[114.59363066900005,-5.054818681999961],[114.59295593900003,-5.054718368999943],[114.59324925100009,-5.054196930999979],[114.59398425600011,-5.0537963979999745],[114.5946417350001,-5.054230761999975],[114.59522990300002,-5.053973026999927],[114.59829402700007,-5.049063645999979],[114.60023841100008,-5.047318670999971],[114.60701731600011,-5.04344565699995],[114.60947055400004,-5.042965328999969],[114.61080300100002,-5.044644834999929],[114.6108189680001,-5.0478899999999385],[114.60802569200007,-5.055604968999944]]]]}},{"type":"Feature","properties":{"name":"Arjasa","kode_kec":"35.29.24"},"geometry":{"type":"MultiPolygon","coordinates":[[[[115.25273931100003,-6.96851034499997],[115.26012830700006,-6.972105781999971],[115.26106176000008,-6.974344432999942],[115.26313181900002,-6.975603191999937],[115.26342567800009,-6.977461138999956],[115.26271494700006,-6.979483005999953],[115.26298641900007,-6.981003697999938],[115.26179712800001,-6.98318934699995],[115.26250041300011,-6.983811571999979],[115.26177185000006,-6.98507219399994],[115.25487582300002,-6.981748456999981],[115.25002601100005,-6.976965394999979],[115.24847274700005,-6.97640613599998],[115.24730696000006,-6.976775072999942],[115.24528710400011,-6.972490835999963],[115.24505770700011,-6.97109080599995],[115.2443875780001,-6.970560859999978],[115.24594957600004,-6.970939864999934],[115.24843950200011,-6.969449813999972],[115.25110944800008,-6.968580935999967],[115.25213018900001,-6.968952807999926],[115.25273931100003,-6.96851034499997]]],[[[115.25585996500001,-6.967230636999943],[115.25223134300006,-6.965067846999943],[115.24924078600009,-6.962003382999967],[115.2499329420001,-6.960141938999925],[115.25102598100011,-6.959676383999977],[115.25493967700004,-6.961172258999966],[115.25654802700001,-6.9637672169999405],[115.26067821100003,-6.966917103999947],[115.26111575400012,-6.968094956999948],[115.25942026100006,-6.969833791999974],[115.25752617300009,-6.9689294919999725],[115.25585996500001,-6.967230636999943]]],[[[115.30411790700009,-6.949303758999974],[115.30281149300004,-6.948194225999941],[115.30162763700002,-6.949657634999937],[115.30130334100011,-6.952033530999927],[115.30023835800012,-6.953501047999964],[115.30152956500001,-6.955411439999978],[115.30149448600002,-6.9563191129999495],[115.30038029400009,-6.956565624999939],[115.2980945380001,-6.956141230999947],[115.2991742590001,-6.9577432369999315],[115.30263691700009,-6.960294655999974],[115.30391884400001,-6.965486854999938],[115.30679708700006,-6.967582141999969],[115.30710463300011,-6.968849103999958],[115.30633058700005,-6.9704980979999505],[115.30914598300001,-6.974912748999941],[115.30936878400007,-6.977668501999972],[115.30769485300004,-6.978487007999945],[115.3037767510001,-6.97795436499996],[115.30202620900002,-6.976038893999942],[115.29901149900002,-6.974183246999928],[115.29844986,-6.97254559299995],[115.29650198000002,-6.971570552999935],[115.29304881400003,-6.971592761999943],[115.29220127000008,-6.971043991999977],[115.29050312200002,-6.972222853999938],[115.28985293000005,-6.972162439999977],[115.28599281200002,-6.970067053999969],[115.28593751500011,-6.97122647499998],[115.28778296100006,-6.97312285299995],[115.28706888800002,-6.973815250999962],[115.28721680300009,-6.974541292999959],[115.29065157500008,-6.9763452139999345],[115.28932355000006,-6.9770754749999355],[115.2886295080001,-6.9780988669999715],[115.2895163290001,-6.980056256999944],[115.29091542200001,-6.981153225999947],[115.29277447700008,-6.981310508999968],[115.29419382700007,-6.982879413999967],[115.29641019300004,-6.984087742999975],[115.29955705500004,-6.986773107999966],[115.3005145950001,-6.98835704499993],[115.30044844600002,-6.9905170409999755],[115.2984703190001,-6.991643946999943],[115.30090341200003,-6.99569943399996],[115.30077215800009,-6.998327908999954],[115.29941999200003,-7.000559407999958],[115.29699754,-7.002927629999931],[115.29203031000009,-7.005284386999961],[115.29181597000002,-7.007882198999937],[115.29106747300011,-7.009406512999931],[115.29150710500005,-7.010792854999977],[115.29333905500005,-7.012500945999932],[115.29267755600006,-7.012662410999951],[115.28735784900005,-7.0094883519999485],[115.2862208140001,-7.006870522999975],[115.28229833400007,-7.005262152999933],[115.27993857100012,-7.003328648999968],[115.27567950900004,-6.998003409999967],[115.27519959300002,-6.995969586999934],[115.27344852400006,-6.9940848639999444],[115.27115389100004,-6.993694673999926],[115.27083020700002,-6.994453668999938],[115.26993713500008,-6.994831775999955],[115.26659855500009,-6.994523199999946],[115.2656724840001,-6.993778830999929],[115.26444299200011,-6.9912107729999775],[115.26414292400011,-6.988708366999958],[115.26460717600003,-6.987826988999927],[115.26373500400007,-6.986340784999925],[115.26401682000005,-6.984835376999968],[115.26296203700008,-6.983442545999935],[115.26382243300009,-6.981868081999949],[115.26344234800001,-6.979824556999972],[115.2642320980001,-6.976247325999964],[115.26374360800003,-6.97513754199997],[115.26159434400006,-6.974079169999925],[115.26087495900003,-6.972472531999927],[115.26122576300008,-6.968993774999944],[115.26252164700009,-6.9655399839999745],[115.26272417100006,-6.963578794999933],[115.26177683300011,-6.9630200219999665],[115.25906962500005,-6.962627779999934],[115.25885436600004,-6.960807287999955],[115.25705507700002,-6.959874662999937],[115.25679767000008,-6.956711466999934],[115.25611407500003,-6.956154454999933],[115.2557140030001,-6.954711649999979],[115.25672534000012,-6.953471219999926],[115.26063037800009,-6.951309401999936],[115.26460992900002,-6.950511853999956],[115.26645107800005,-6.951264139999978],[115.26995895200002,-6.950352778999957],[115.27180628000008,-6.949053446999926],[115.2737288720001,-6.948838836999926],[115.27329219500007,-6.947882160999939],[115.27489795000008,-6.945457841999939],[115.2750888920001,-6.9431173059999765],[115.27359474000002,-6.940761189999932],[115.2726219860001,-6.941232315999969],[115.26975334500003,-6.9413977169999725],[115.27046846600001,-6.938392028999942],[115.26964600000008,-6.935457499999927],[115.26784500000008,-6.936034999999947],[115.26731800000005,-6.9351429999999255],[115.26243288900002,-6.935847235999972],[115.26057281200008,-6.938048295999977],[115.25991718700004,-6.9405502479999654],[115.25807631800001,-6.942425517999936],[115.2570233350001,-6.942548063999936],[115.25436792000005,-6.940959718999977],[115.25334614200005,-6.942637195999964],[115.25325691500007,-6.945143311999971],[115.24728655600006,-6.948035063999953],[115.24640185900012,-6.947608297999977],[115.24444426700006,-6.945093947999965],[115.24458314300011,-6.938821234999978],[115.24293368400004,-6.9348107739999705],[115.24214959800008,-6.935130157999936],[115.24008108300006,-6.93322004099997],[115.24010989800001,-6.934871192999935],[115.23950339800001,-6.936183524999933],[115.23836530500012,-6.937192816999925],[115.23818731200004,-6.94121028099994],[115.23722893000001,-6.942003781999972],[115.23704565000003,-6.943426325999951],[115.23531353800001,-6.944397607999974],[115.23271504500008,-6.943972014999929],[115.22933508100004,-6.941283149999947],[115.23064089000002,-6.939894848999927],[115.2290146790001,-6.938746028999958],[115.22964438700001,-6.9365895839999325],[115.2277943570001,-6.935354835999931],[115.22558564000008,-6.936275000999956],[115.22482466500003,-6.936019600999941],[115.22429699000008,-6.934727001999931],[115.22199278900007,-6.934873865999975],[115.2167596810001,-6.939740221999955],[115.21503947300005,-6.94057106799994],[115.21420539700011,-6.941727624999942],[115.21152198000004,-6.942435973999977],[115.21048596800006,-6.942191999999977],[115.20887456100002,-6.940762351999979],[115.20441911900002,-6.93926726899997],[115.2030308950001,-6.938167829999941],[115.20275822600001,-6.936421507999967],[115.2037124410001,-6.932794673999979],[115.20537262000005,-6.930430608999927],[115.20598998700007,-6.930261954999935],[115.20620043200006,-6.931172484999934],[115.20700514400005,-6.931567822999966],[115.2070271130001,-6.930007007999961],[115.20992815300008,-6.928509497999926],[115.2104141310001,-6.923922268999945],[115.20601053700011,-6.918219490999945],[115.20622296600004,-6.920478555999978],[115.20578579200003,-6.922738704999972],[115.20765136300008,-6.926411096999971],[115.20728652600008,-6.927146778999941],[115.20357657200009,-6.926824159999967],[115.20101609800008,-6.924587158999941],[115.19910648000007,-6.923961616999975],[115.19751745700012,-6.921609729999943],[115.19853668200005,-6.919086529999959],[115.19942534200004,-6.918378226999948],[115.19960079700002,-6.909960588999979],[115.20036786300011,-6.909522255999946],[115.19980513400003,-6.90732883499993],[115.20161670200002,-6.906545054999981],[115.20137983300003,-6.905290898999965],[115.20193931200004,-6.90440637699993],[115.20107146900011,-6.9035458649999555],[115.20315510300009,-6.89955638899994],[115.20285642700003,-6.8974353849999375],[115.20432540000002,-6.893830488999981],[115.20623092800008,-6.891933004999942],[115.20657025600008,-6.8896690229999535],[115.21116481500007,-6.8872151699999336],[115.21267128400007,-6.887430329999972],[115.2132256110001,-6.885753357999931],[115.21406585200009,-6.884889830999953],[115.22007704800001,-6.882676713999956],[115.22343827600002,-6.8825794809999365],[115.22446585500006,-6.883475998999927],[115.227056489,-6.882764737999935],[115.22951860500007,-6.88584994699994],[115.23181847900003,-6.88517776599997],[115.23280456600003,-6.883885684999939],[115.23423746600008,-6.884928986999967],[115.23779897000009,-6.885164791999955],[115.23947387100009,-6.885960015999956],[115.24157002300001,-6.883039475999965],[115.2422772750001,-6.880905388999963],[115.24232625900004,-6.878875229999949],[115.24157969400005,-6.878235841999981],[115.24044346700009,-6.87947563299997],[115.23958432800009,-6.878391701999931],[115.23875417300007,-6.876369298999975],[115.23835577600005,-6.872700266999971],[115.23947138200003,-6.872095952999928],[115.24244358900012,-6.872952191999957],[115.24389903800011,-6.874948366999945],[115.24316560700004,-6.876357445999929],[115.24365934500008,-6.876559699999973],[115.2446230270001,-6.875209355999971],[115.24408170000004,-6.873906600999931],[115.25078808300009,-6.8650322609999535],[115.25094335300003,-6.864263261999952],[115.25202833800006,-6.86380307099995],[115.253052507,-6.862236241999938],[115.25309012500009,-6.858734349999963],[115.25165176300004,-6.85609246599995],[115.25220292400002,-6.854755988999955],[115.25219768500006,-6.851935141999945],[115.2504730500001,-6.847159362999946],[115.24831332300005,-6.845586680999929],[115.24838908900006,-6.844452941999975],[115.24596599300003,-6.843079373999956],[115.24300990300003,-6.842918714999939],[115.24096329800011,-6.840930588999981],[115.23623031900001,-6.838026701999979],[115.23213264300011,-6.839488340999935],[115.23127415900001,-6.838474438999981],[115.23097637700005,-6.840811998999925],[115.22995037700002,-6.840504058999954],[115.22816808400012,-6.8410861739999405],[115.2279113940001,-6.84230639499998],[115.22706495800003,-6.84311945099995],[115.22629839300009,-6.842400062999957],[115.22605018800004,-6.840599913999938],[115.22732037200001,-6.8389247039999645],[115.22735027300007,-6.8377339559999655],[115.2321826970001,-6.833934237999927],[115.23256758500008,-6.832828542999948],[115.23250917500002,-6.833662634999939],[115.23323132100006,-6.833926782999981],[115.2347241110001,-6.8341226779999715],[115.23609979000003,-6.833718702999931],[115.24125420200005,-6.829560909999941],[115.24619514000005,-6.827046673999973],[115.24794001800001,-6.827653454999961],[115.253969342,-6.8269671509999625],[115.25669146300004,-6.827447073999963],[115.26239447700004,-6.82671036499994],[115.26724978200002,-6.827442996999935],[115.27540619500007,-6.827371165999978],[115.27808076200006,-6.828072677999955],[115.27907742400009,-6.828895933999945],[115.27998850800009,-6.8283241849999285],[115.28133045800007,-6.8285405109999715],[115.28392974000008,-6.830106136999973],[115.2907825100001,-6.830080724999959],[115.29182097300009,-6.830643597999938],[115.29752164800004,-6.831173821999926],[115.29802203700001,-6.832053868999935],[115.30582876900007,-6.831578687999979],[115.30909448600005,-6.831826902999978],[115.31188808800005,-6.833063154999934],[115.3149258740001,-6.833053456999949],[115.31846967500007,-6.834313141999928],[115.32166902400002,-6.833179402999974],[115.32336303700004,-6.834460176999926],[115.3287564960001,-6.8331204049999315],[115.33536221800011,-6.832428296999979],[115.33744782300005,-6.833239042999935],[115.34211836100008,-6.832194612999956],[115.34714484900007,-6.832859461999931],[115.3498882450001,-6.834011305999979],[115.34799233600006,-6.835913528999981],[115.34727268200004,-6.83873349199996],[115.34631815600005,-6.839733443999933],[115.34184042400011,-6.840774764999935],[115.3382039170001,-6.84259478599995],[115.33374737700001,-6.841704122999943],[115.33603413900005,-6.843371676999936],[115.33636783000009,-6.844116622999934],[115.33573632900004,-6.8454912809999655],[115.33584649900001,-6.847260713999958],[115.33694968800012,-6.847193513999969],[115.33763063800006,-6.848317556999973],[115.33697565600005,-6.849681536999981],[115.33289352800011,-6.853383442999927],[115.33070951200011,-6.85115542799997],[115.32957894800006,-6.851137620999964],[115.32945306900001,-6.8517626609999525],[115.3311337990001,-6.855896540999936],[115.33095092300005,-6.857446771999946],[115.3324866270001,-6.858011458999954],[115.33305769800006,-6.8590584219999755],[115.33537053400005,-6.858849029999931],[115.3370266390001,-6.860200564999957],[115.34395562800012,-6.861656793999941],[115.34804830200005,-6.86170438299996],[115.35230753700012,-6.8677720079999744],[115.35344968000004,-6.866796428999976],[115.35554360300011,-6.86682022399998],[115.35642400600011,-6.868343078999942],[115.35925556400002,-6.868818970999939],[115.36065944500001,-6.866986787999963],[115.36201573800008,-6.866606071999968],[115.36246783600006,-6.867129553999973],[115.365061448,-6.866796428999976],[115.36328125000011,-6.872497560999932],[115.36389160300007,-6.880493163999972],[115.36389160300007,-6.881408690999933],[115.36328125000011,-6.8820800779999445],[115.36590576200001,-6.888793944999975],[115.36627197300004,-6.896118163999972],[115.36810302700007,-6.8991699239999775],[115.36810302700007,-6.900024412999926],[115.36627197300004,-6.903076171999942],[115.36547851700004,-6.906127930999958],[115.36547851700004,-6.909714507999979],[115.36482280300004,-6.909883020999928],[115.36458310300009,-6.911656324999967],[115.36507404600002,-6.912446462999981],[115.36912973200003,-6.914919551999958],[115.37007808400006,-6.91605780499998],[115.36984006500006,-6.91678473199994],[115.36869555200008,-6.917298588999927],[115.36876442900007,-6.9189783259999444],[115.36960694000004,-6.92033338899995],[115.36862597400011,-6.922596442999975],[115.36918488700007,-6.923534213999972],[115.36726772000009,-6.923900832999948],[115.36588530000006,-6.922023303999936],[115.36517062100006,-6.9247159419999775],[115.367991157,-6.92681201399995],[115.36926300900006,-6.92864519799997],[115.36859913300009,-6.929221343999927],[115.36635373000001,-6.926831354999933],[115.36068103800005,-6.924660886999959],[115.35831159700001,-6.924699902999976],[115.35704960700002,-6.921928364999928],[115.3573183090001,-6.918837184999973],[115.35558342800005,-6.917557024999951],[115.35476501900007,-6.916214237999952],[115.35374055300008,-6.915822480999964],[115.3531782550001,-6.915949027999943],[115.35393058600005,-6.917453997999928],[115.3531865550001,-6.919027313999948],[115.35221783300005,-6.919350515999952],[115.35037745500006,-6.918656251999948],[115.34988762100011,-6.919143399999939],[115.34996655300006,-6.919841334999944],[115.35300185300002,-6.922741648999931],[115.35293314300009,-6.924020991999953],[115.35204925000005,-6.924599948999969],[115.3494104770001,-6.925013269999965],[115.34676465400003,-6.922167584999954],[115.34484631600003,-6.922504329999981],[115.3438738750001,-6.922194383999965],[115.34134969400009,-6.919508010999948],[115.33857989800003,-6.9181973709999625],[115.33693185700008,-6.918642796999961],[115.33782834600004,-6.921135917999948],[115.33749039000008,-6.92190411699994],[115.33364685200002,-6.9200678649999645],[115.33460700700005,-6.921209059999967],[115.33335770800011,-6.921465345999934],[115.33304660900001,-6.922285770999963],[115.33417546400005,-6.923156869999957],[115.3339841500001,-6.924575299999958],[115.33545700400009,-6.925658025999951],[115.33623844500005,-6.927464593999957],[115.33536530600009,-6.928175702999965],[115.3340778700001,-6.927977270999975],[115.3339738520001,-6.9287953029999585],[115.33858291100012,-6.9320893469999305],[115.33672125100009,-6.932196464999947],[115.33176080400006,-6.930345534999958],[115.33080297400011,-6.930383673999927],[115.33043097400002,-6.931036400999972],[115.33382012700008,-6.935712031999969],[115.33626281700003,-6.93559404399997],[115.33860566400006,-6.936725552999974],[115.33826076500009,-6.940534360999948],[115.33885908800005,-6.942485083999941],[115.33885816600002,-6.944803373999946],[115.33647808400008,-6.947376556999927],[115.33669419000012,-6.947663005999971],[115.3397409590001,-6.946815930999946],[115.34117610600003,-6.945598927999981],[115.3419415090001,-6.942390084999943],[115.34336514300003,-6.940687079999975],[115.34307378000005,-6.938036390999969],[115.3436041000001,-6.937176963999946],[115.34455384000012,-6.936789423999926],[115.34643970600007,-6.937513830999933],[115.34904982100011,-6.936554801999932],[115.3506655760001,-6.936512648999951],[115.35280846600006,-6.937223511999946],[115.35198945400009,-6.938108797999973],[115.34996184800002,-6.938364105999938],[115.35129899300011,-6.939759978999973],[115.3519381320001,-6.942087379999975],[115.35594815700006,-6.940855596999938],[115.35696876400004,-6.940966239999966],[115.35752726800001,-6.941444244999957],[115.35648336400004,-6.9429485769999815],[115.35665949800011,-6.943627896999942],[115.35775793300002,-6.944030858999952],[115.35987027700003,-6.943736291999926],[115.36086717700005,-6.944586068999968],[115.36257626400004,-6.944941760999939],[115.36399322500006,-6.946875157999955],[115.36230652000006,-6.949033569999926],[115.36154099500004,-6.949156168999934],[115.36112423200007,-6.950321988999974],[115.35858420300008,-6.950892284999952],[115.35851462900007,-6.952335158999972],[115.36112381900011,-6.95308340899993],[115.36126718600008,-6.95444652599997],[115.36194770300006,-6.955234861999941],[115.36267747300008,-6.955115486999944],[115.36722487600002,-6.951265768999974],[115.3690372000001,-6.951727270999982],[115.3705926020001,-6.950533952999933],[115.37074552000001,-6.951223763999963],[115.3698257640001,-6.952438466999979],[115.3702987690001,-6.953342002999932],[115.37240723200011,-6.951959199999976],[115.37435379300007,-6.952161319999959],[115.37606717400001,-6.9512330059999385],[115.37666714800002,-6.95337703499996],[115.3787904510001,-6.954609071999926],[115.3811799240001,-6.954941148999978],[115.38267353600008,-6.9567841339999745],[115.3848739010001,-6.957781337999961],[115.38516866900011,-6.958853405999946],[115.38645476600004,-6.960039608999978],[115.38498306200006,-6.9614082009999265],[115.38449954500004,-6.963027067999974],[115.38693305000004,-6.9634204129999375],[115.38892586800011,-6.964525905999949],[115.3899080000001,-6.967145107999954],[115.39104396300002,-6.967592672999956],[115.39195448600003,-6.969846810999968],[115.39151673000003,-6.974463637999975],[115.3906558000001,-6.975927666999951],[115.38816894900003,-6.977497473999961],[115.38638340200009,-6.977506218999963],[115.38471416000004,-6.977056966999953],[115.38384275700002,-6.976118694999968],[115.38165560800007,-6.975824012999965],[115.3801384190001,-6.973846886999979],[115.37826599300001,-6.973914615999945],[115.37557969600005,-6.972703950999971],[115.37483084500002,-6.972931639999956],[115.37484169100003,-6.973353017999955],[115.37751684200009,-6.97504099899993],[115.38083398600008,-6.97838386899997],[115.38486415400007,-6.9797090819999426],[115.38636226900007,-6.981392201999938],[115.38899903900005,-6.980682925999929],[115.39155201100004,-6.980720709999957],[115.39273011400007,-6.9791771479999625],[115.39671937000003,-6.97871465999998],[115.40178799400007,-6.981934567999929],[115.40206011600003,-6.983737684999937],[115.40398496700004,-6.987975426999981],[115.40341891300011,-6.988872735999962],[115.40290066200009,-6.988551451999967],[115.40176645000008,-6.989034998999955],[115.40038992900008,-6.988831562999962],[115.39807702200005,-6.9896085229999585],[115.39018166900007,-6.990792714999941],[115.38475677400004,-6.993942537999942],[115.38095379200001,-6.995209260999957],[115.37465837200011,-6.994639053999947],[115.36682056400002,-6.993247759999974],[115.36186236300011,-6.991848872999981],[115.35854501900008,-6.992165242999931],[115.35465203800004,-6.993964010999946],[115.35342737300005,-6.995244723999974],[115.3515664680001,-6.995799457999965],[115.34865293700011,-6.995569616999944],[115.34658983400004,-6.9940303489999565],[115.34442803200011,-6.993379222999977],[115.3409369420001,-6.994031838999945],[115.336260906,-6.996009694999941],[115.33323901200004,-6.995667343999969],[115.33097135300011,-6.994585246999975],[115.32967686100005,-6.993380436999928],[115.32909415600011,-6.991399626999964],[115.32938536100005,-6.987405095999975],[115.32777765600008,-6.984693838999931],[115.32256497900005,-6.980941838999968],[115.32048591700004,-6.974667117999957],[115.31498280100004,-6.969718286999978],[115.31505700000002,-6.968838477999952],[115.31599566700004,-6.9684750029999805],[115.31619120000005,-6.970256036999956],[115.31949442000007,-6.971130287999927],[115.3221189410001,-6.97055671399994],[115.32280680400004,-6.972160103999954],[115.3233342850001,-6.97234677199998],[115.32528507800009,-6.969692086999942],[115.32599727600007,-6.964636789999929],[115.32556208000005,-6.9634775399999285],[115.32566662900001,-6.961705709999933],[115.32212256300011,-6.9612735559999805],[115.32090653600005,-6.959913961999973],[115.31953331300008,-6.9621430919999625],[115.31797884900004,-6.96208007499996],[115.31739370800005,-6.960870854999939],[115.31863298300004,-6.959644847999925],[115.31913712100004,-6.958084115999952],[115.31536937100009,-6.956338717999927],[115.31337803600002,-6.951036052999939],[115.31257928800005,-6.951358327999969],[115.3118363100001,-6.955440984999939],[115.31111489800003,-6.95570687299994],[115.3099786460001,-6.95454871499993],[115.30840846800004,-6.954321972999935],[115.30728354100006,-6.952879621999955],[115.305069935,-6.951811677999956],[115.30411790700009,-6.949303758999974]]],[[[115.20738824200009,-6.921825400999978],[115.20797789700009,-6.92171512699997],[115.20824301100004,-6.922250162999944],[115.20768648500007,-6.9225027149999505],[115.20738824200009,-6.921825400999978]]],[[[115.23592980700005,-6.874905091999949],[115.23669696900004,-6.872992361999934],[115.23745621800003,-6.873487954999973],[115.23592980700005,-6.874905091999949]]],[[[115.21609008200005,-6.844284422999976],[115.21618138000008,-6.843085655999971],[115.2182972810001,-6.839473354999939],[115.21943166800008,-6.839156362999972],[115.22091158400008,-6.842123826999966],[115.22114113800001,-6.843763747999958],[115.21676233100004,-6.84574129799995],[115.21609008200005,-6.844284422999976]]],[[[115.29145537000011,-6.977006439999968],[115.29227493100007,-6.976139814999954],[115.29549033,-6.976730056999941],[115.29558579700006,-6.977196637999953],[115.29274493800006,-6.977760927999952],[115.29145537000011,-6.977006439999968]]],[[[115.32194259900007,-6.970130598999958],[115.32347691300004,-6.965428924999969],[115.32517601300003,-6.964200922999964],[115.32529946500006,-6.966074912999943],[115.32434709400002,-6.969560261999959],[115.32350339400011,-6.970389068999964],[115.32194259900007,-6.970130598999958]]],[[[115.30598273500004,-6.962606973999925],[115.30516116100011,-6.960210952999944],[115.30572375600002,-6.959451386999945],[115.30792849600005,-6.960662241999955],[115.30915820100006,-6.9635444509999616],[115.30819411800007,-6.9637150459999475],[115.30598273500004,-6.962606973999925]]],[[[115.36421090600004,-6.9439465479999285],[115.36501299200006,-6.9440277479999395],[115.3652976080001,-6.944598091999978],[115.36418741600005,-6.945352556999978],[115.36376383300001,-6.944926220999946],[115.36421090600004,-6.9439465479999285]]],[[[115.3584373430001,-6.935965799999963],[115.35832800700007,-6.934977652999976],[115.35893649200011,-6.934690129999979],[115.36066059900008,-6.935804671999961],[115.35990573700008,-6.936644107999939],[115.3584373430001,-6.935965799999963]]],[[[115.37346363500001,-6.930759645999956],[115.37078030300006,-6.92880785899996],[115.37132467200001,-6.927745504999962],[115.37372106900011,-6.9286525559999745],[115.37463509500003,-6.929750956999953],[115.37346363500001,-6.930759645999956]]]]}},{"type":"Feature","properties":{"name":"Sapeken","kode_kec":"35.29.25"},"geometry":{"type":"MultiPolygon","coordinates":[[[[115.59360000000004,-7.053812999999934],[115.59472600000004,-7.052690999999925],[115.59484800000007,-7.053068999999937],[115.59417700000006,-7.053699999999935],[115.59415600000011,-7.05444499999993],[115.59357900000009,-7.054693999999927],[115.59360000000004,-7.053812999999934]]],[[[115.60119300000008,-7.052789999999959],[115.60295600000006,-7.053854999999942],[115.60218200000008,-7.054639999999949],[115.59818600000006,-7.053218999999956],[115.59646800000007,-7.053569999999979],[115.59616000000005,-7.051191999999958],[115.59706200000005,-7.050166999999931],[115.5991160000001,-7.050412999999935],[115.60119300000008,-7.052789999999959]]],[[[115.63661100000002,-7.04230599999994],[115.63384900000005,-7.056456999999966],[115.63407800000004,-7.057069999999953],[115.63523800000007,-7.056846999999948],[115.63660400000003,-7.057983999999976],[115.63662600000009,-7.059235999999942],[115.63575700000001,-7.061142999999959],[115.63236100000006,-7.063989999999933],[115.63051500000006,-7.064840999999944],[115.62138300000004,-7.064674999999966],[115.61853700000006,-7.064018999999973],[115.61562300000003,-7.0625179999999546],[115.61549300000001,-7.061117999999965],[115.61674400000004,-7.058648999999946],[115.61548500000004,-7.058361999999931],[115.61318100000005,-7.056459999999959],[115.61391400000002,-7.053536999999949],[115.61472300000003,-7.052740999999969],[115.61589700000002,-7.052522999999951],[115.61650000000009,-7.051109999999937],[115.6176670000001,-7.050047999999947],[115.61817100000007,-7.047162999999955],[115.61738500000001,-7.047331999999926],[115.61634000000004,-7.04879399999993],[115.61480600000004,-7.049545999999964],[115.61322000000007,-7.048488999999961],[115.60864200000003,-7.048841999999979],[115.6069020000001,-7.048531999999966],[115.60372100000006,-7.052293999999961],[115.60282100000006,-7.052450999999962],[115.59987400000011,-7.050657999999942],[115.60086000000001,-7.0476229999999305],[115.60016600000006,-7.043677999999943],[115.59727400000008,-7.042062999999928],[115.59558800000002,-7.040373999999929],[115.59649600000012,-7.038187999999934],[115.59817400000009,-7.038736999999969],[115.60043300000007,-7.036616999999978],[115.60105800000008,-7.037345999999957],[115.60236300000008,-7.03719099999995],[115.60488800000007,-7.037838999999963],[115.60522400000002,-7.039298999999971],[115.60656000000006,-7.039945999999929],[115.60795500000006,-7.039410999999973],[115.60951900000009,-7.037732999999946],[115.61348700000008,-7.0372619999999415],[115.61706400000003,-7.0390449999999305],[115.618018,-7.0400529999999435],[115.622161,-7.040196999999978],[115.6241520000001,-7.04091399999993],[115.62522000000001,-7.042030999999952],[115.62723500000004,-7.042229999999961],[115.6276620000001,-7.041066999999941],[115.62687600000004,-7.038776999999925],[115.62702100000001,-7.037282999999945],[115.63008000000002,-7.034595999999965],[115.63186600000006,-7.033988999999963],[115.63529100000005,-7.035123999999939],[115.63656600000002,-7.036395999999968],[115.63661100000002,-7.04230599999994]]],[[[115.59897000000001,-7.048364999999933],[115.59962800000005,-7.045784999999967],[115.60033400000009,-7.047782999999981],[115.59954100000004,-7.048700999999937],[115.59897000000001,-7.048364999999933]]],[[[115.53329900000006,-7.033680999999945],[115.53385200000002,-7.033901999999955],[115.53381000000002,-7.034234999999967],[115.53337600000009,-7.034116999999981],[115.53329900000006,-7.033680999999945]]],[[[115.55447600000002,-7.012496999999939],[115.55522700000006,-7.014077999999927],[115.55508700000007,-7.01818099999997],[115.5513390000001,-7.021228999999948],[115.54943300000002,-7.025218999999936],[115.54851600000006,-7.02555899999993],[115.54832800000008,-7.026398999999969],[115.54756900000007,-7.025784999999928],[115.54464000000007,-7.0271099999999365],[115.54146500000002,-7.02787799999993],[115.54146300000002,-7.026545999999939],[115.5421070000001,-7.0260339999999815],[115.54135300000007,-7.025020999999981],[115.54007700000011,-7.025827999999933],[115.53938900000003,-7.0252179999999385],[115.54020700000001,-7.024633999999935],[115.53991700000006,-7.023582999999974],[115.54031000000009,-7.023016999999925],[115.53943600000002,-7.02277799999996],[115.53988400000003,-7.020824999999945],[115.53959600000007,-7.01822599999997],[115.5403510000001,-7.014059999999972],[115.54344300000002,-7.011820999999941],[115.54360000000008,-7.009992999999952],[115.54571300000009,-7.010712999999953],[115.55122200000005,-7.011004999999955],[115.55447600000002,-7.012496999999939]]],[[[115.50177750000012,-7.01347549999997],[115.50238700000011,-7.014088999999956],[115.50150300000007,-7.014497999999946],[115.50127100000009,-7.014072999999939],[115.50177750000012,-7.01347549999997]]],[[[115.54160605400011,-7.011179692999974],[115.53929441500009,-7.010514776999969],[115.54087437700002,-7.010338696999952],[115.54243800000006,-7.008820999999955],[115.54288450000001,-7.010074999999972],[115.54160605400011,-7.011179692999974]]],[[[115.5455497910001,-6.991483071999937],[115.544344851,-6.993279641999948],[115.54530235200002,-6.998124792999931],[115.54477488700002,-6.999049990999936],[115.54380233300003,-6.999341099999981],[115.54221679900002,-6.997373636999953],[115.54195442600007,-6.99099481199994],[115.54061581000008,-6.990271766999967],[115.54090128600001,-6.992311292999943],[115.54053854400001,-6.993855254999971],[115.53844439300008,-6.994680523999932],[115.53909487500005,-6.995789932999969],[115.53882927200004,-6.997698014999969],[115.5372819260001,-6.999634224999966],[115.53735700000004,-7.001111999999978],[115.53601075900008,-7.002495993999958],[115.53649141000005,-7.005508390999978],[115.5373765700001,-7.006717156999969],[115.538497,-7.007280999999978],[115.53932296900007,-7.007097870999928],[115.54046035100009,-7.007825985999943],[115.54091720800011,-7.008730180999976],[115.53898032600011,-7.008544583999935],[115.53815703300006,-7.0075023799999485],[115.53621300000009,-7.007486999999969],[115.53655400000002,-7.009680999999944],[115.53747700000008,-7.010293999999931],[115.53861300000005,-7.0122859999999605],[115.53790300000003,-7.01925499999993],[115.53839300000004,-7.019992999999943],[115.53761000000009,-7.021020999999962],[115.53749400000004,-7.022040999999945],[115.537822,-7.0224399999999605],[115.53854000000001,-7.022239999999954],[115.53585600000008,-7.025157999999976],[115.53452000000004,-7.02880399999998],[115.53382600000009,-7.033364999999947],[115.53067800000008,-7.032719999999927],[115.52950400000009,-7.0339049999999474],[115.52865600000007,-7.034103999999957],[115.52856600000007,-7.031897999999956],[115.5262600000001,-7.0303729999999405],[115.52528500000005,-7.028883999999948],[115.52375800000004,-7.027875999999935],[115.52281000000005,-7.024665999999968],[115.52039100000002,-7.022534999999948],[115.51940600000012,-7.020019999999931],[115.51638000000003,-7.01734399999998],[115.50434600000006,-7.014323999999931],[115.50529200000005,-7.013883999999962],[115.50566800000001,-7.013089999999977],[115.50771000000009,-7.013823999999943],[115.5084280000001,-7.013258999999948],[115.50860100000011,-7.012280999999973],[115.510264,-7.010236999999961],[115.51149500000008,-7.007509999999968],[115.51255900000001,-7.006695999999977],[115.51535400000012,-7.005960999999957],[115.51737200000002,-7.0025419999999485],[115.51748200000009,-7.004097999999942],[115.51924900000006,-7.0056149999999775],[115.51943600000004,-7.006743999999969],[115.51952200000005,-7.005727999999976],[115.51827800000001,-7.004571999999939],[115.518279,-7.003410999999971],[115.51693441400005,-6.999869303999958],[115.51872925700002,-6.999102513999958],[115.51915838800005,-6.997832335999931],[115.52288797500012,-6.997634457999936],[115.52698467200003,-6.996424289999936],[115.52842857200005,-6.994280050999976],[115.52786496800002,-6.991477728999939],[115.52867148000007,-6.990403293999975],[115.53166914600001,-6.988523233999956],[115.53783496100004,-6.9879995769999255],[115.53800139000009,-6.9860463789999585],[115.54292367000005,-6.981545118999975],[115.5446028,-6.981742803999964],[115.5459757000001,-6.984111145999975],[115.5453543000001,-6.988321858999939],[115.5455497910001,-6.991483071999937]]],[[[115.59604600000011,-7.005028999999979],[115.5949240000001,-7.00385799999998],[115.59862300000009,-7.0017539999999485],[115.59772200000009,-7.003291999999931],[115.59805900000003,-7.004480999999942],[115.59604600000011,-7.005028999999979]]],[[[115.6052800000001,-7.0007119999999645],[115.60565800000006,-7.001510999999937],[115.60530700000004,-7.002456999999936],[115.6016780000001,-7.001986999999929],[115.60153300000002,-7.001250999999968],[115.60222400000009,-7.000582999999949],[115.6052800000001,-7.0007119999999645]]],[[[115.58754514600002,-6.999802236999926],[115.58765607200007,-6.998485207999977],[115.58859095900004,-6.998800901999971],[115.58869349600002,-6.9998500949999425],[115.58754514600002,-6.999802236999926]]],[[[115.60046860800003,-6.995490330999928],[115.60120944700009,-6.9944956859999365],[115.60190006300002,-6.994768620999935],[115.60122073800005,-6.995549393999966],[115.60046860800003,-6.995490330999928]]],[[[115.58612287200003,-6.986920537999936],[115.58754920500007,-6.989865237999936],[115.58652794500006,-6.990778295999974],[115.58552900900008,-6.993301047999978],[115.58531075400003,-6.995490165999968],[115.58431478000011,-6.9948358219999704],[115.58452099400006,-6.993174993999958],[115.58322415300006,-6.992217418999928],[115.58036566100009,-6.991390477999971],[115.57785181100007,-6.991348031999962],[115.57951113800004,-6.989397743999973],[115.57878734000008,-6.98580551699996],[115.57929450800009,-6.986100001999944],[115.58196060900002,-6.9850740229999815],[115.58612287200003,-6.986920537999936]]],[[[115.59122210700002,-6.9425018029999706],[115.59820590400011,-6.946657300999959],[115.60273189600002,-6.948628650999979],[115.60314699600008,-6.949028451999936],[115.60299263900004,-6.949842712999953],[115.60422889300003,-6.9493527969999604],[115.60673020500008,-6.95016693599996],[115.60813265800005,-6.951094151999939],[115.60865312300007,-6.95202797099995],[115.61148318700009,-6.952794880999932],[115.61491404100002,-6.95507857399997],[115.61572919900004,-6.956152808999946],[115.61702771900002,-6.956059866999965],[115.62156103900008,-6.958052658999975],[115.62504996500002,-6.960069374999932],[115.6260287880001,-6.961178294999968],[115.62868873200011,-6.961872844999959],[115.63249487400003,-6.964648676999957],[115.63685026200005,-6.966799538999965],[115.64007558600008,-6.9675536699999725],[115.64475850800011,-6.969982622999964],[115.645328543,-6.9692760609999596],[115.64607423900009,-6.96924860799993],[115.64719133900007,-6.972474788999932],[115.64812266900003,-6.973284860999968],[115.65284331100008,-6.975147852999953],[115.65402757100003,-6.976517365999939],[115.6553934960001,-6.979701228999943],[115.6585608470001,-6.981041681999955],[115.659190609,-6.981988206999972],[115.6654810440001,-6.985098985999969],[115.66799682300007,-6.988527757999975],[115.66919998700007,-6.987705151999933],[115.67092621800009,-6.987810515999968],[115.67385254500005,-6.98926193799997],[115.67591742900004,-6.992060790999972],[115.67578598000011,-6.995060963999947],[115.67966506100004,-6.998100259999944],[115.68311768500007,-6.9996495579999305],[115.6838315010001,-7.000518215999932],[115.68419985000003,-7.001894131999961],[115.68380235400002,-7.003740967999931],[115.68525895900007,-7.0100245999999515],[115.68524792900007,-7.012822063999977],[115.68334437700003,-7.014287060999948],[115.68189906600003,-7.014500938999959],[115.67839778100006,-7.013200365999978],[115.67282239500003,-7.008561684999961],[115.67073053900003,-7.007792122999945],[115.6681071920001,-7.00484836399994],[115.66009199100006,-7.00231206199993],[115.65730074300006,-7.000461145999964],[115.65253580800004,-6.999587681999969],[115.65100076600004,-6.99837742099993],[115.64824490600006,-6.997355590999973],[115.64610774300002,-6.997517402999961],[115.64080659500007,-6.996796839999945],[115.6388094350001,-6.998141945999976],[115.63815138700011,-7.000372069999969],[115.63648364200003,-7.001625174999958],[115.63633953300007,-7.002554777999933],[115.6357815130001,-7.002522284999941],[115.63549486400007,-7.003398198999946],[115.63330512200002,-7.0051783909999585],[115.63199569300002,-7.005511757999955],[115.62967171200012,-7.00366607899997],[115.62384100000008,-7.000872999999956],[115.62214500000005,-7.000779999999963],[115.62060500000007,-7.0014999999999645],[115.61945500000002,-7.003231999999969],[115.61714100000006,-7.001813999999968],[115.61525000000006,-7.003039999999942],[115.61323700000003,-7.001305999999943],[115.61210100000005,-7.000952999999981],[115.61174300000005,-7.000181999999938],[115.60873612700004,-6.998900508999952],[115.60744232900004,-6.997608355999944],[115.6067991650001,-6.995730986999945],[115.60342279700001,-6.9939331679999555],[115.60250454600009,-6.993968180999957],[115.60185737600011,-6.993089508999958],[115.60072040700004,-6.992617523999968],[115.59786225700009,-6.992410512999925],[115.59760571600009,-6.99306594199993],[115.59829376700009,-6.9949254169999335],[115.59735538900009,-6.995505363999939],[115.59659747100011,-6.995293670999956],[115.59589255300011,-6.994289524999942],[115.59428829100011,-6.9946604779999575],[115.5933812180001,-6.994272813999942],[115.59234346100004,-6.992778218999945],[115.59119511200004,-6.993474997999954],[115.5899067150001,-6.993085128999951],[115.58979937900006,-6.9923278029999665],[115.59250077100012,-6.990726627999948],[115.5923043790001,-6.9900599749999515],[115.5899386100001,-6.9882978769999795],[115.58921132000012,-6.986890553999956],[115.59003831000007,-6.984898186999942],[115.59149859100012,-6.98438589899996],[115.59236356600002,-6.979164038999954],[115.59155742600001,-6.978138464999972],[115.58821477700008,-6.976363686999946],[115.58650815800002,-6.974828572999968],[115.58400540700006,-6.974278838999965],[115.58278234200009,-6.974629628999935],[115.58126852200007,-6.974256686999979],[115.57878524800003,-6.974957540999981],[115.57582551100006,-6.974852382999927],[115.5744130280001,-6.975701385999969],[115.57246787200006,-6.975368757999945],[115.56919848700011,-6.966716417999976],[115.56566058100009,-6.961960849999969],[115.56518463900011,-6.960258748999934],[115.56871717800004,-6.95627396499998],[115.5704171320001,-6.95574024299998],[115.57104489400001,-6.956062023999948],[115.57232877400008,-6.960838646999946],[115.57631967000009,-6.962043651999977],[115.5772915550001,-6.9598664919999464],[115.57390589300007,-6.955541332999928],[115.57194184500008,-6.946999798999968],[115.57220077600005,-6.94541264999998],[115.5730283040001,-6.944777411999951],[115.57436821700003,-6.945465527999943],[115.57523789400011,-6.944870808999951],[115.57660439800009,-6.945243959999971],[115.57665982200001,-6.941681823999943],[115.57830298700003,-6.941008262999958],[115.57883304600011,-6.941712476999953],[115.57877362400006,-6.942804191999926],[115.58222120000005,-6.944418824999957],[115.58138221500008,-6.94249608399997],[115.58169617300007,-6.940028135999967],[115.58322130800002,-6.940434765999953],[115.58647361700002,-6.939696632999926],[115.58915334500011,-6.940576717999932],[115.59122210700002,-6.9425018029999706]]],[[[115.63539232000005,-6.935603650999951],[115.63603657600004,-6.9341404039999475],[115.63672419500006,-6.933394888999942],[115.63755673300011,-6.936087155999928],[115.63739108000004,-6.937009965999948],[115.6362715350001,-6.93738928099998],[115.63539232000005,-6.935603650999951]]],[[[115.76836867000009,-7.121183514999927],[115.76897655800008,-7.124117700999932],[115.77063446000011,-7.123661243999948],[115.77144073300008,-7.126098959999979],[115.77115586600007,-7.12776191599994],[115.76997144600011,-7.129591163999976],[115.76924462900001,-7.129372003999947],[115.76885776400002,-7.128603581999926],[115.76702691300011,-7.130496430999926],[115.76590367400001,-7.129749438999966],[115.76535983500003,-7.128323992999981],[115.760424467,-7.129230568999958],[115.76061571000002,-7.127593819999959],[115.76296118300002,-7.125477183999976],[115.76227690200005,-7.123385913999925],[115.76274933500008,-7.12148534499994],[115.76513491800006,-7.120208755999954],[115.76699865800003,-7.120288591999952],[115.76836867000009,-7.121183514999927]]],[[[115.76733875900004,-7.119640183999934],[115.76802542000007,-7.120053843999926],[115.76747604800005,-7.1201581029999375],[115.76733875900004,-7.119640183999934]]],[[[115.76093320000007,-7.114788664999935],[115.76416239900004,-7.116041974999973],[115.76188127500006,-7.117815349999944],[115.75970316400003,-7.1187108369999805],[115.75745652400008,-7.117961388999959],[115.75713137800005,-7.116611924999972],[115.75603108200005,-7.115204090999953],[115.75844543000005,-7.114161683999953],[115.75992012000006,-7.115114895999966],[115.76093320000007,-7.114788664999935]]],[[[115.76218389100006,-7.107016739999949],[115.76499764700009,-7.108510035999927],[115.766760911,-7.108370915999956],[115.77043913300008,-7.109656048999966],[115.77095615200005,-7.113715929999955],[115.77025840700003,-7.115471783999965],[115.76799606500003,-7.115611755999964],[115.76632457300002,-7.114556949999951],[115.76375164700005,-7.115026952999926],[115.75967863700009,-7.11368678599996],[115.758470525,-7.112292088999936],[115.7572705980001,-7.112176546999933],[115.75788256600003,-7.109926676999976],[115.75909690900005,-7.109705525999971],[115.758743847,-7.10722590499995],[115.75942666000003,-7.1060229469999285],[115.76144666500011,-7.105854506999947],[115.76218389100006,-7.107016739999949]]],[[[115.75794969200001,-7.1027140979999785],[115.75889536300008,-7.103222949999974],[115.75818789100003,-7.104014526999947],[115.75794969200001,-7.1027140979999785]]],[[[115.76490854500003,-7.087837805999925],[115.76640558200006,-7.0902519859999416],[115.76477164700009,-7.095832228999939],[115.76398155300001,-7.097435594999979],[115.76304675200004,-7.098129291999953],[115.76128134200007,-7.098564775999932],[115.75742992400001,-7.098556378999945],[115.75636219800003,-7.100897737999958],[115.75716146700006,-7.102184883999939],[115.75708486400003,-7.10315912599998],[115.75605781000002,-7.104156557999943],[115.75641154200002,-7.106402007999975],[115.7553164310001,-7.107274530999973],[115.75590721700007,-7.10787043299996],[115.75504930300008,-7.1079054899999505],[115.75317227000005,-7.106766934999939],[115.75197364200005,-7.10517966499998],[115.74951603800002,-7.1036810299999615],[115.74853711200001,-7.100943835999942],[115.74960873000009,-7.0983248129999765],[115.75085409500002,-7.097446049999974],[115.75286314400012,-7.097202013999947],[115.754115006,-7.09539256599993],[115.75418712900012,-7.09487332599997],[115.75354473100003,-7.094686266999929],[115.75331845900007,-7.093864234999955],[115.75333875700005,-7.092942287999961],[115.75420319400007,-7.091608189999931],[115.75349518300004,-7.089875063999955],[115.75436785300008,-7.0887058289999345],[115.75472261400012,-7.086809651999943],[115.75587121400008,-7.0859263219999775],[115.7568731770001,-7.087045004999936],[115.75671487400007,-7.085959038999931],[115.75712640000006,-7.0854736709999315],[115.76136689900011,-7.084426176999955],[115.76490854500003,-7.087837805999925]]],[[[115.69943902200009,-7.058964088999971],[115.70322900000008,-7.0581105239999715],[115.70605477400011,-7.058586730999934],[115.70793903200001,-7.058237963999943],[115.71117679500003,-7.060232435999978],[115.71249798500003,-7.06320438399996],[115.711671335,-7.066560308999954],[115.71205201900011,-7.069445950999977],[115.71025495600009,-7.070656715999974],[115.7090111980001,-7.072425581999937],[115.70677195100006,-7.072911029999943],[115.7063525430001,-7.073783601999935],[115.7052314550001,-7.073983833999932],[115.69867637900006,-7.073659224999972],[115.69530196100004,-7.073015153999961],[115.68977532000008,-7.07050342499997],[115.68739949100006,-7.06852581499993],[115.68518157500012,-7.065765438999961],[115.68423889200005,-7.062686964999955],[115.6850922220001,-7.062158764999936],[115.68622014800007,-7.05627696199997],[115.68947937100006,-7.056707140999947],[115.69554669700005,-7.0592200309999384],[115.69943902200009,-7.058964088999971]]],[[[115.6628045220001,-7.044202485999961],[115.66500991600003,-7.046724910999956],[115.66679553900008,-7.052527350999981],[115.66807409500007,-7.05377131399996],[115.66868251500011,-7.055404389999978],[115.66975368800001,-7.056072117999975],[115.66964523000001,-7.058256091999965],[115.67081153600009,-7.0591679589999785],[115.67217032000008,-7.059290279999971],[115.67268219400012,-7.060929915999964],[115.6751796100001,-7.062051482999948],[115.67092468200008,-7.065163937999955],[115.6679929600001,-7.0665198629999395],[115.66191156400009,-7.066541522999955],[115.65576877400008,-7.065351998999972],[115.65344389100005,-7.064316428999973],[115.65150838200009,-7.063017831999957],[115.64962519500011,-7.060203574999946],[115.64939408800001,-7.057796162999978],[115.64833761300008,-7.055047610999964],[115.64912500700007,-7.053583415999981],[115.64845249900009,-7.0465468479999345],[115.64975888200001,-7.0444630679999705],[115.65728041700004,-7.042048413999964],[115.6595936330001,-7.040536548999967],[115.66164800800004,-7.041301626999939],[115.6628045220001,-7.044202485999961]]],[[[115.69491978400004,-7.0264651469999535],[115.69143165500009,-7.024909970999943],[115.6901448750001,-7.023648107999975],[115.69168282900011,-7.021334630999945],[115.69419182100012,-7.019777954999938],[115.69666154400011,-7.020659164999927],[115.69895809000002,-7.024304877999953],[115.6988483340001,-7.025802703999943],[115.69807913600005,-7.027004326999929],[115.69491978400004,-7.0264651469999535]]],[[[115.69149874000004,-7.010861908999971],[115.69010296800002,-7.01004901999994],[115.69011435900006,-7.009367204999933],[115.6920749200001,-7.009364427999969],[115.69202349900002,-7.010596998999972],[115.69149874000004,-7.010861908999971]]],[[[115.6603439370001,-7.008464824999976],[115.66061223400004,-7.007714992999979],[115.66205457700005,-7.007152875999964],[115.66318596100007,-7.0076486519999435],[115.66389707100006,-7.00928410399996],[115.66167283700008,-7.011017056999947],[115.66081973600001,-7.010147909999944],[115.6603439370001,-7.008464824999976]]],[[[115.70624201700002,-7.010961674999976],[115.7047463350001,-7.010099449999927],[115.7041456610001,-7.008144209999955],[115.70507342400003,-7.002573483999981],[115.70660078300011,-7.000912458999949],[115.70881639400011,-7.000663060999955],[115.711862429,-7.004864147999967],[115.7081161540001,-7.009805004999976],[115.70624201700002,-7.010961674999976]]],[[[115.76113031700004,-6.967240343999947],[115.76171235200002,-6.97038017999995],[115.76114573600012,-6.971629493999956],[115.7598659140001,-6.972109368999952],[115.7594624400001,-6.973815816999945],[115.75798097300003,-6.976059520999968],[115.75558804500008,-6.976150693999955],[115.7529035010001,-6.9731852109999295],[115.7485979490001,-6.971821473999967],[115.74800752800002,-6.971131915999933],[115.74854487400012,-6.970180404999951],[115.75070114400012,-6.96929956799994],[115.75338821500009,-6.969769295999981],[115.75560870300001,-6.967461242999946],[115.7578602320001,-6.966064636999931],[115.76113031700004,-6.967240343999947]]],[[[115.70703438200007,-6.967032175999975],[115.70990186400002,-6.962126530999967],[115.7099373960001,-6.96351849499996],[115.70925192200002,-6.965262743999972],[115.70808447400009,-6.966603099999929],[115.70703438200007,-6.967032175999975]]],[[[115.79002650100006,-6.936927730999969],[115.78930632900006,-6.938368613999955],[115.79198820900001,-6.9414617749999366],[115.7938643970001,-6.942412282999953],[115.79486866800005,-6.941728239999975],[115.79458708100003,-6.938890059999949],[115.7951276880001,-6.941188128999954],[115.79498136300003,-6.943519199999969],[115.79652769200004,-6.946979991999967],[115.79662077700004,-6.949557469999945],[115.79570524400003,-6.954839995999976],[115.79192074600007,-6.961347842999942],[115.78943012700006,-6.963148124999975],[115.78484451400004,-6.964119436999965],[115.78077523800005,-6.962777226999947],[115.77858750100006,-6.962582997999959],[115.77879636600005,-6.960688381999944],[115.78161016000001,-6.956489732999955],[115.78316162100009,-6.953222513999947],[115.78862943900003,-6.937173040999937],[115.79030733800005,-6.936460834999934],[115.79099956700009,-6.936796566999931],[115.79002650100006,-6.936927730999969]]],[[[115.74623104400007,-6.935610341999961],[115.7481097860001,-6.932015120999949],[115.74837103800007,-6.928380557999958],[115.74909221100006,-6.929002071999946],[115.74963918500009,-6.930519917999959],[115.74874285400006,-6.93470285799998],[115.74801907000005,-6.935626156999945],[115.74538105300007,-6.936014283999953],[115.74623104400007,-6.935610341999961]]],[[[115.78329395000003,-7.109606306999979],[115.78947105800012,-7.11391086499998],[115.7912365410001,-7.117353445999981],[115.79246243000011,-7.11838187799998],[115.79448319900007,-7.119038835999959],[115.7968021150001,-7.120850716999939],[115.79761137500009,-7.1238757689999375],[115.79840353600002,-7.124826377999966],[115.79809652600011,-7.125871759999939],[115.79659040400009,-7.125672166999948],[115.79589594100003,-7.127343835999966],[115.79797809900003,-7.126978641999926],[115.79872335300001,-7.128187669999932],[115.79731029600009,-7.130881286999966],[115.79527574300005,-7.132099389999951],[115.7936710030001,-7.134289446999958],[115.79439644900003,-7.136010687999942],[115.79320001700012,-7.137517621999962],[115.7935688880001,-7.138841716999934],[115.79657781800006,-7.140840429999969],[115.79701934700006,-7.140196049999929],[115.79785744100002,-7.140870933999963],[115.79853605000005,-7.142551424999965],[115.79836265600011,-7.143483695999976],[115.79960517000006,-7.145232607999958],[115.80037275000007,-7.145171432999973],[115.80078000100002,-7.146133685999928],[115.80159257300011,-7.146365596999942],[115.80209343400008,-7.147926342999938],[115.80363027700002,-7.145486179999978],[115.80397898500007,-7.145610380999926],[115.80461117900006,-7.144765801999938],[115.8062578250001,-7.1449031039999795],[115.80852263500003,-7.146705009999948],[115.80919676000008,-7.149316777999957],[115.80877003100011,-7.150062935999927],[115.809239907,-7.1505224819999285],[115.80859220200011,-7.153308673999959],[115.80892211500009,-7.1538887949999435],[115.80976829000008,-7.154187137999941],[115.81303917100001,-7.152391904999945],[115.81343894700001,-7.150510667999981],[115.81456768900011,-7.149554174999935],[115.81672028000003,-7.149037350999947],[115.81778175600004,-7.14943206199996],[115.82049948800011,-7.148034404999976],[115.8230933420001,-7.147692205999931],[115.83095166400005,-7.149168921999944],[115.83554660700008,-7.148936870999933],[115.83687822400009,-7.149914118999959],[115.83770592000008,-7.151565695999977],[115.83713198200007,-7.152331972999946],[115.83749096800011,-7.155057871999929],[115.83704146800005,-7.156692766999981],[115.83991395500004,-7.158410713999956],[115.83995205400004,-7.159799611999972],[115.84145826300005,-7.160150057999942],[115.84318059500004,-7.162698821999925],[115.84369836400003,-7.16214021299993],[115.84582630000011,-7.1619807639999635],[115.84996416600006,-7.162637590999964],[115.85366861400007,-7.159911536999971],[115.85770219400001,-7.160088494999968],[115.85941584600005,-7.158411934999947],[115.86057251800003,-7.158139305999953],[115.86191927200002,-7.1583678369999575],[115.86328768800001,-7.160487706999959],[115.86579019200008,-7.16251540899998],[115.869027458,-7.163223108999944],[115.86979449000012,-7.162808491999954],[115.86948871100003,-7.158257465999952],[115.87033119000012,-7.158081996999954],[115.87110892900012,-7.156803735999972],[115.87227959800009,-7.156680239999957],[115.8766131860001,-7.160518857999932],[115.87938774600002,-7.161904693999929],[115.88062468200008,-7.162031755999976],[115.88519935600004,-7.164477579999925],[115.88744961900011,-7.161166198999979],[115.88839296900005,-7.1611104789999445],[115.88958202800006,-7.16204135299995],[115.89038433100006,-7.162039317999927],[115.89208538700007,-7.160508146999973],[115.89301834700007,-7.158898922999981],[115.89279339500001,-7.15767152899997],[115.89079696200008,-7.158655538999938],[115.88979940700005,-7.15731646699993],[115.89229603700005,-7.1515463039999645],[115.89242289900005,-7.14991544999998],[115.88995030100011,-7.146628453999938],[115.88762815100006,-7.14688700399995],[115.88700464600004,-7.148771222999926],[115.88727031500002,-7.1541332549999765],[115.88569773500001,-7.155034653999962],[115.8829280540001,-7.16068015999997],[115.88138463300004,-7.160654441999952],[115.87991018900004,-7.159863338999969],[115.87605768300011,-7.1536187709999695],[115.8734434800001,-7.15150678699996],[115.8716789230001,-7.140478415999951],[115.87003721500002,-7.136740366999959],[115.87062739600003,-7.135827089999964],[115.8704774260001,-7.1317297109999345],[115.87277078800003,-7.131176524999944],[115.87430832000007,-7.129848540999944],[115.8781599140001,-7.128219772999955],[115.88630895100005,-7.121022621999941],[115.88811770200005,-7.120292334999931],[115.88976836500001,-7.121892989999935],[115.88953082300009,-7.124281415999974],[115.89181590900012,-7.124635969999929],[115.89324563000002,-7.12616584999995],[115.88997847000007,-7.132101794999926],[115.89048217800007,-7.133107893999977],[115.88998420300004,-7.134946588999981],[115.89028807600005,-7.136609806999957],[115.89224027500006,-7.138340059999962],[115.8934592710001,-7.13604918599998],[115.8947734080001,-7.135378462999938],[115.89639984700011,-7.132440648999932],[115.89653884500001,-7.126107308999963],[115.89754413600008,-7.123938328999941],[115.89726762300006,-7.122735476999935],[115.89830212600009,-7.11744476399997],[115.89911851900001,-7.1163392609999505],[115.89805925200005,-7.113355679999927],[115.89535969200006,-7.111603937999973],[115.89172758400002,-7.1110637129999645],[115.89130259300009,-7.110040982999976],[115.89234161800005,-7.10821810799996],[115.89600674600001,-7.105578658999946],[115.8980291800001,-7.105811666999955],[115.9007124950001,-7.105278336999959],[115.90686666800002,-7.10263527799998],[115.90449441300007,-7.109600817999933],[115.90236537200008,-7.120925048999936],[115.90176868600008,-7.127374295999971],[115.901679435,-7.146754070999975],[115.90034518800007,-7.157913511999936],[115.89926790300001,-7.174128727999971],[115.89776794900001,-7.18049876799995],[115.8934267090001,-7.192471087999934],[115.88501173300006,-7.200209186999928],[115.8778422800001,-7.202471451999941],[115.87539916300011,-7.202770721999968],[115.87178218300005,-7.202427760999967],[115.8669732300001,-7.203326570999934],[115.85330834600006,-7.204223352999975],[115.83660054000006,-7.206694517999949],[115.8288376480001,-7.206222073999925],[115.82695761500008,-7.205420593999975],[115.82289378200005,-7.201142855999933],[115.81903794200002,-7.198018316999935],[115.79378095300001,-7.186580161999927],[115.78529813900002,-7.184467267999935],[115.77699734200007,-7.181465709999941],[115.77173616400012,-7.180442377999952],[115.76607107400002,-7.1773964599999545],[115.76064171000007,-7.175223758999948],[115.75455511300004,-7.17158281199994],[115.74978112300005,-7.167459475999976],[115.74674218000007,-7.163858257999948],[115.74228884000001,-7.156166324999958],[115.74143683400007,-7.154039342999965],[115.74160826400009,-7.1525158079999756],[115.74233774400011,-7.151958849999971],[115.74274196900001,-7.152217148999966],[115.74378549000005,-7.150981006999928],[115.74472909300005,-7.151307300999974],[115.74769422600002,-7.150593348999962],[115.75336602700008,-7.1458758919999354],[115.75420528900008,-7.143954384999972],[115.75312276300008,-7.142215841999928],[115.7522197290001,-7.1419340819999775],[115.75224024900001,-7.141328373999954],[115.75307864400008,-7.141542735999963],[115.75381635500003,-7.140750500999957],[115.7544774380001,-7.140894156999934],[115.75428788600004,-7.139735564999967],[115.7557938650001,-7.139352732999953],[115.755648887,-7.138179736999973],[115.7574663910001,-7.136425580999969],[115.7592143810001,-7.1359957979999535],[115.75914037100006,-7.13525950199994],[115.76081950900004,-7.13502387099993],[115.76085803900003,-7.134120086999928],[115.76169953100009,-7.13331140899993],[115.76098364600011,-7.133236070999942],[115.76053228,-7.132239285999958],[115.76067966900007,-7.130773455999929],[115.7629263010001,-7.129394636999962],[115.76481648300012,-7.130179101999943],[115.76739268600011,-7.1331007489999365],[115.76835749100007,-7.138155708999932],[115.76967701600006,-7.141132510999967],[115.77113229200006,-7.141783442999952],[115.77197048700009,-7.142882534999956],[115.77171432800003,-7.146771471999955],[115.76988815200002,-7.148689438999952],[115.7720947460001,-7.1495902609999575],[115.77205409900012,-7.148451020999971],[115.77251592300001,-7.148301706999973],[115.77384446100007,-7.1495057739999766],[115.77412915000002,-7.149155501999928],[115.77537659900008,-7.150020637999944],[115.7752207630001,-7.148214122999946],[115.77391708000005,-7.1457461879999755],[115.77422836700009,-7.144180053999946],[115.77601168500007,-7.143720087999952],[115.77706896200004,-7.142503114999954],[115.77578315000005,-7.142844556999933],[115.77484967300006,-7.14252063999993],[115.7713619760001,-7.137308753999946],[115.77184482400003,-7.135610176999933],[115.77300356800004,-7.1351927349999755],[115.77284406800004,-7.1340223579999815],[115.77412182100011,-7.131234660999951],[115.77528989100006,-7.130359261999956],[115.7789257820001,-7.1289999269999385],[115.7772046980001,-7.126107566999963],[115.77725506400009,-7.124619171999939],[115.78008430000011,-7.12374342499993],[115.77991193100002,-7.121392365999952],[115.78050616000007,-7.1193956249999815],[115.77848207300008,-7.117241461999981],[115.7771645360001,-7.11737137199998],[115.77673829600008,-7.116746776999946],[115.77894085900004,-7.113336885999956],[115.77875835800012,-7.110856290999948],[115.77996297000004,-7.10985956899998],[115.78329395000003,-7.109606306999979]]],[[[115.86887154300007,-7.156443485999944],[115.86965434100011,-7.1551255819999255],[115.87001509900006,-7.154958507999936],[115.87003043800007,-7.15725189799997],[115.86937844500005,-7.157507658999975],[115.86887154300007,-7.156443485999944]]],[[[115.83982631300012,-7.150830084999939],[115.84103056000004,-7.150881075999962],[115.84188496500008,-7.151916006999954],[115.83972650800001,-7.152061096999944],[115.83944706000011,-7.151549708999937],[115.83982631300012,-7.150830084999939]]],[[[115.85606912000003,-7.150461838999945],[115.85484986800009,-7.149106492999977],[115.85470620600006,-7.147894464999979],[115.85694171400007,-7.145021414999974],[115.8595799310001,-7.145107670999948],[115.86459088400011,-7.148142418999953],[115.86441562100003,-7.149028107999925],[115.86315473800005,-7.149452354999937],[115.86380153100004,-7.150629746999925],[115.86356292000005,-7.151297476999957],[115.85953180000001,-7.15222098199996],[115.85606912000003,-7.150461838999945]]],[[[115.8534875260001,-7.142124438999929],[115.85459387500009,-7.14581693599996],[115.85382741100011,-7.147360014999947],[115.85313518400005,-7.147835244999953],[115.85134322700003,-7.147680523999952],[115.8507664120001,-7.1464051659999654],[115.85075162300006,-7.142092207999951],[115.85166076200005,-7.141684473999931],[115.8534875260001,-7.142124438999929]]],[[[115.84181243400008,-7.141006463999929],[115.84210046700002,-7.1414048559999515],[115.84192579100011,-7.1427766349999615],[115.843147767,-7.1431439259999365],[115.84338304000005,-7.144064988999958],[115.84309469900006,-7.145451631999947],[115.84170412200001,-7.145926736999968],[115.84052673800011,-7.144811009999955],[115.8404538100001,-7.142795537999973],[115.84085761600011,-7.141375561999951],[115.84181243400008,-7.141006463999929]]],[[[115.83817045700005,-7.139978742999972],[115.8357394190001,-7.140092512999956],[115.83496344500008,-7.138183889999937],[115.83703563900008,-7.136207870999954],[115.83975151400011,-7.135638169999936],[115.84154614600004,-7.136902501999941],[115.8415153300001,-7.140204192999931],[115.84077890600008,-7.140540230999932],[115.83817045700005,-7.139978742999972]]],[[[115.80047187000002,-7.0573260209999376],[115.80276657700006,-7.054371174999972],[115.80426387700004,-7.051566973999968],[115.80101770200008,-7.0597747989999675],[115.80025084200008,-7.058581053999944],[115.80047187000002,-7.0573260209999376]]],[[[115.81330590800007,-7.038793892999934],[115.81070373500006,-7.037692268999933],[115.81081888300002,-7.036092352999958],[115.81257449700001,-7.032782082999972],[115.81381455100006,-7.032217058999947],[115.81656501300006,-7.032417776999978],[115.81696217600006,-7.03302176699998],[115.8166796480001,-7.034115059999976],[115.81330590800007,-7.038793892999934]]],[[[115.91415600000005,-6.950012999999956],[115.9209350000001,-6.951666999999929],[115.9235940000001,-6.951305999999931],[115.92555400000003,-6.952816999999925],[115.93129500000009,-6.954871999999966],[115.93491600000004,-6.958170999999936],[115.93539700000008,-6.961337999999955],[115.93320500000004,-6.9621349999999325],[115.92993100000001,-6.960540999999978],[115.92866100000003,-6.960403999999926],[115.92725800000005,-6.964094999999929],[115.92702500000007,-6.963692999999978],[115.92827000000011,-6.960237999999947],[115.92554700000005,-6.959313999999949],[115.92447600000003,-6.959577999999965],[115.92306500000007,-6.959223999999949],[115.9207560000001,-6.959752999999978],[115.91351700000007,-6.962259999999958],[115.91128400000002,-6.96203799999995],[115.90665700000011,-6.962597999999957],[115.90354200000002,-6.961913999999979],[115.9022910000001,-6.961175999999966],[115.90110800000002,-6.959084999999959],[115.90136100000007,-6.958016999999927],[115.90061100000003,-6.957196999999951],[115.90030000000002,-6.95428099999998],[115.90099100000009,-6.951909999999941],[115.90535000000011,-6.950152999999943],[115.90961400000003,-6.950002999999981],[115.91365600000006,-6.949226999999951],[115.91415600000005,-6.950012999999956]]],[[[115.87559400000009,-6.938836999999978],[115.88129700000002,-6.945107999999948],[115.88230400000009,-6.9474219999999605],[115.88402700000006,-6.9496129999999425],[115.88398500000005,-6.950689999999952],[115.88177700000006,-6.955393999999956],[115.87871400000006,-6.959438999999975],[115.87601800000004,-6.9611889999999335],[115.87458400000003,-6.961526999999933],[115.86859500000003,-6.9614069999999515],[115.86834600000009,-6.960933999999952],[115.86913800000002,-6.959503999999981],[115.8691980000001,-6.95664899999997],[115.86752500000011,-6.951377999999977],[115.87118100000009,-6.947283999999968],[115.87420000000009,-6.938938999999948],[115.87559400000009,-6.938836999999978]]],[[[115.87115100000005,-6.940209999999979],[115.87134000000003,-6.939955999999938],[115.87139200000001,-6.940163999999925],[115.87115100000005,-6.940209999999979]]],[[[116.25566591200004,-6.928675426999973],[116.26212600000008,-6.931486999999947],[116.26512000000002,-6.933662999999967],[116.26951800000006,-6.937888999999927],[116.26994100000002,-6.938812999999925],[116.26993900000002,-6.940110999999945],[116.26933900000006,-6.940034999999966],[116.26924000000008,-6.939073999999948],[116.26799100000005,-6.939183999999955],[116.268189,-6.940668999999957],[116.26667200000009,-6.943572999999958],[116.26372400000002,-6.946034999999938],[116.26124900000002,-6.947516999999948],[116.25748800000008,-6.948925999999972],[116.25027900000009,-6.950023999999928],[116.24655000000007,-6.9499589999999785],[116.24350200000003,-6.948881999999969],[116.23990900000001,-6.9483059999999455],[116.2374850000001,-6.947477999999933],[116.23551100000009,-6.946004999999957],[116.23469000000011,-6.942952999999932],[116.2354590000001,-6.941966999999977],[116.23565200000007,-6.939321999999947],[116.2368140000001,-6.937577999999974],[116.23944400000005,-6.936521999999968],[116.24148600000001,-6.936916999999937],[116.24382100000003,-6.936102999999946],[116.24717800000008,-6.933819999999969],[116.25167900000008,-6.931753999999955],[116.25340900000003,-6.930343999999934],[116.25439200000005,-6.93032599999998],[116.25411500000007,-6.9313549999999395],[116.25722700000006,-6.931577999999945],[116.25962600000003,-6.933223999999939],[116.26199100000008,-6.934090999999967],[116.26320400000009,-6.933828999999946],[116.26511600000003,-6.9348869999999465],[116.2631070000001,-6.933011999999962],[116.26095400000008,-6.931994999999972],[116.26046700000006,-6.9323309999999765],[116.25763610600006,-6.930103103999954],[116.25496635000002,-6.928960961999962],[116.25222521100011,-6.928518381999936],[116.25566591200004,-6.928675426999973]]],[[[115.79848600000003,-6.796690999999953],[115.79876600000011,-6.796506999999963],[115.79882200000009,-6.796724999999981],[115.79848600000003,-6.796690999999953]]],[[[115.79875600000003,-6.794578999999942],[115.799169,-6.794426999999928],[115.79911300000003,-6.794678999999974],[115.79875600000003,-6.794578999999942]]]]}},{"type":"Feature","properties":{"name":"Batuan","kode_kec":"35.29.26"},"geometry":{"type":"Polygon","coordinates":[[[113.86700341700009,-7.031235656999968],[113.87098342500008,-7.033043520999968],[113.87140774400007,-7.032500291999952],[113.87184222300004,-7.033597666999981],[113.87247640600003,-7.033822581999971],[113.87231306000001,-7.034107310999957],[113.87470218100009,-7.0366592739999305],[113.875765537,-7.03680232399995],[113.87686196100003,-7.034324338999966],[113.87925950800002,-7.034865931999946],[113.87985231500011,-7.033979672999976],[113.88017321900008,-7.034163711999952],[113.87898076500005,-7.0356849179999585],[113.87650246300007,-7.037301352999975],[113.87423071500007,-7.040999108999927],[113.87228686100002,-7.043118926999966],[113.86904901300011,-7.049183399999947],[113.8681591940001,-7.0484863489999725],[113.86639999600004,-7.04898069199993],[113.86546400500004,-7.048301326999933],[113.86534570100002,-7.050292233999926],[113.86372936500004,-7.049886409999942],[113.8622220210001,-7.051944458999969],[113.86112055000001,-7.052063017999956],[113.85925230100008,-7.053450344999931],[113.85318836400006,-7.050983310999925],[113.8472207210001,-7.052737598999954],[113.84480815000006,-7.05042384799998],[113.84305124900004,-7.049869169999965],[113.83962132800002,-7.047470173999955],[113.83558077400005,-7.041452198999934],[113.8303757320001,-7.03224204299994],[113.82725432200004,-7.028155331999926],[113.82462349000002,-7.028223973999957],[113.82145252200007,-7.025845566999976],[113.81971776400007,-7.025761230999933],[113.81563583800005,-7.026007418999939],[113.81576313300002,-7.029062514999964],[113.81534314500004,-7.029934804999925],[113.8126016010001,-7.029267696999966],[113.81122105700001,-7.028291532999958],[113.80841498900008,-7.0282809209999755],[113.8081765710001,-7.022516580999934],[113.80889510800012,-7.020115677999968],[113.80851718300005,-7.018205376999958],[113.8047804040001,-7.011057755999957],[113.80305136600009,-7.0088711269999635],[113.80153892200008,-7.008483381999952],[113.800952241,-7.007790087999979],[113.79953277700008,-7.003469872999972],[113.79945465600008,-7.001729222999927],[113.80551793400002,-7.001983459999963],[113.80922354000006,-7.001538726999968],[113.81231064300005,-7.002433077999967],[113.81432464900001,-7.0022688859999676],[113.81601369500004,-7.001565717999938],[113.81681973200011,-7.000445237999941],[113.81680901200002,-6.99482657599998],[113.81771232800008,-6.9938458059999675],[113.8197239540001,-6.994149313999969],[113.82022062500005,-6.9939837789999615],[113.82051190300001,-6.993083171999956],[113.82609800600005,-6.9933097119999275],[113.82855859200004,-6.992511614999955],[113.82943099900001,-6.99296099999998],[113.83097849100011,-6.992597135999972],[113.83317199900011,-6.993280999999968],[113.83632224300004,-6.991477993999979],[113.83753500000012,-6.992006999999944],[113.83757800000001,-6.9925560009999685],[113.84075847500003,-6.992218757999979],[113.84065696900007,-6.99349803299998],[113.84128396100004,-6.994947970999931],[113.84087903200009,-6.9975299569999265],[113.84170201600011,-7.000374977999968],[113.84317103400008,-7.00139398999994],[113.84337001100005,-7.002100994999978],[113.84590900300009,-7.003071965999936],[113.84525002300006,-7.006716978999975],[113.84450396600005,-7.0073419929999545],[113.84506700000009,-7.008062956999936],[113.84472402900008,-7.009249018999981],[113.84557105800002,-7.010367472999974],[113.84651403400005,-7.009753967999927],[113.84699901500005,-7.010341979999964],[113.84926697200001,-7.010497956999927],[113.84847397600004,-7.013912983999944],[113.84792199500009,-7.014632033999931],[113.84914996700002,-7.014971995999929],[113.85034298300002,-7.01456701799998],[113.85139601600008,-7.015996985999948],[113.85375398300005,-7.016677026999957],[113.85349018600004,-7.02203848399995],[113.85381479800003,-7.021749598999975],[113.85671106000007,-7.022297369999933],[113.85493901300003,-7.025816965999979],[113.85833800400007,-7.02684697199993],[113.85820600500006,-7.02725996099997],[113.85869800800003,-7.027405009999939],[113.85819698300008,-7.02868697699995],[113.85992300900011,-7.029276959999947],[113.86138302900008,-7.028852968999956],[113.86230507800008,-7.030167158999973],[113.86344812700008,-7.029528847999927],[113.86402897000005,-7.030724344999953],[113.86613313300006,-7.031141711999965],[113.86628271000006,-7.0317650609999305],[113.86700341700009,-7.031235656999968]]]}},{"type":"Feature","properties":{"name":"Kangayan","kode_kec":"35.29.27"},"geometry":{"type":"MultiPolygon","coordinates":[[[[115.46630773100003,-6.980898460999981],[115.46385587300006,-6.986047180999947],[115.4633042690001,-6.988406491999967],[115.46627944600004,-6.995318537999935],[115.47135223400005,-6.999958514999946],[115.47283057200002,-7.003632342999936],[115.47380621200011,-7.003654590999929],[115.47637759500003,-7.005374901999971],[115.47568871200008,-7.006172552999942],[115.46666006500004,-7.007175285999949],[115.46379121600012,-7.005645128999959],[115.46374458700006,-7.004641470999957],[115.46315550300005,-7.004277200999979],[115.46242408600006,-7.004300328999932],[115.46288929900004,-7.0051134399999455],[115.4610062800001,-7.0051170989999605],[115.45962184900009,-7.00421572099998],[115.45811377500002,-7.004616878999968],[115.4553297970001,-7.0040261289999535],[115.4471794640001,-7.003827360999935],[115.44609601100001,-7.002297596999938],[115.44462560200009,-7.001753347999966],[115.43687176900005,-7.000428145999933],[115.43364649600005,-6.999025759999938],[115.4315180320001,-6.997479301999931],[115.42816034400005,-6.99359977499995],[115.42766930900007,-6.992677268999955],[115.42823441400003,-6.991233200999943],[115.42802946200004,-6.989814385999978],[115.42550872400011,-6.985034903999974],[115.42574653200006,-6.983339299999955],[115.42720517700002,-6.982659584999965],[115.42963716600002,-6.9789921139999365],[115.43036602300003,-6.978692966999972],[115.43247386700011,-6.979869750999967],[115.43598566700007,-6.978836434999948],[115.44023367700004,-6.980810754999936],[115.4413522110001,-6.980127034999953],[115.4481653150001,-6.981013999999959],[115.44945875500002,-6.981372158999932],[115.45127808200004,-6.98296703699998],[115.45205289900002,-6.982075370999951],[115.45121228100004,-6.981254848999981],[115.45103674600011,-6.980103935999978],[115.44908163600007,-6.977023018999944],[115.45180158700009,-6.975561959999936],[115.45333819500001,-6.9765953659999695],[115.45513395700004,-6.976823897999964],[115.45607157200004,-6.980136608999942],[115.45742193300009,-6.9809902869999405],[115.46022160000007,-6.978382761999967],[115.46248275200003,-6.977448029999948],[115.46395616900008,-6.97780505399993],[115.46454100000005,-6.977047035999931],[115.46437904700008,-6.975803069999927],[115.46121476400003,-6.9737605619999385],[115.46225015400012,-6.972041527999977],[115.46503806700002,-6.973577916999943],[115.4674390780001,-6.97662586499996],[115.46648191500003,-6.978118489999929],[115.46630773100003,-6.980898460999981]]],[[[115.41590348500006,-6.9850380909999785],[115.4132663580001,-6.9852949559999615],[115.41159686600008,-6.984270641999956],[115.4111234930001,-6.982683096999949],[115.40920169500009,-6.980974752999941],[115.40894891200003,-6.9790668509999705],[115.40937040400001,-6.977555640999981],[115.411384483,-6.975895841999943],[115.4124685270001,-6.974235563999969],[115.41212993800002,-6.967810963999966],[115.41134032900004,-6.9662247189999675],[115.41137472000003,-6.964971116999948],[115.41416263500003,-6.9603245999999785],[115.41511296600004,-6.959903605999955],[115.41630690700003,-6.960172090999947],[115.41706100800002,-6.960945976999938],[115.41813070400008,-6.96600763899994],[115.41721454700007,-6.966772767999942],[115.41724837700008,-6.968479817999935],[115.41425821000007,-6.974409760999947],[115.41524913100011,-6.975526593999973],[115.41498436400002,-6.976724426999965],[115.41674371700003,-6.978118035999955],[115.41681862400003,-6.9800189599999385],[115.41748751900002,-6.980803054999967],[115.41762614700008,-6.981877961999942],[115.41634547100011,-6.983108049999942],[115.41643055100008,-6.984331771999962],[115.41590348500006,-6.9850380909999785]]],[[[115.49604538200003,-6.964933644999974],[115.49752110500003,-6.963190426999972],[115.49968036700011,-6.962557150999942],[115.50034638000011,-6.962806849999936],[115.50103807400001,-6.963964415999953],[115.50073640500011,-6.964692167999942],[115.49875459200007,-6.965967001999957],[115.49726335600008,-6.965809952999962],[115.49604538200003,-6.964933644999974]]],[[[115.43655161900006,-6.958589909999944],[115.43642546600006,-6.957610884999951],[115.43780283500007,-6.956675037999958],[115.43821197200009,-6.957605624999928],[115.43798690200003,-6.958696515999975],[115.43655161900006,-6.958589909999944]]],[[[115.41699273900008,-6.948728641999935],[115.41525811400004,-6.949853928999971],[115.41762101600011,-6.951395336999951],[115.41667359200005,-6.953497487999925],[115.41599579100011,-6.953627450999932],[115.41504200700001,-6.952361740999947],[115.41371078700001,-6.95166172699993],[115.41450642000007,-6.9494279939999615],[115.41365458500002,-6.948616743999935],[115.4150367850001,-6.94791109099998],[115.41611261900005,-6.946630809999931],[115.41699273900008,-6.948728641999935]]],[[[115.49020612300001,-6.9444341549999535],[115.4912253330001,-6.943623997999964],[115.49291650700002,-6.943471883999962],[115.49566493200007,-6.947537680999972],[115.49610694900002,-6.949274124999931],[115.49790017100008,-6.951046252999959],[115.49875336600007,-6.953091162999954],[115.4978952240001,-6.9531392269999515],[115.49451664000003,-6.950409807999961],[115.49014480200003,-6.949814973999935],[115.48888275200011,-6.947794471999941],[115.48958850200006,-6.946408136999935],[115.487903544,-6.946053572999972],[115.485990646,-6.943956115999981],[115.48698354700002,-6.941907214999958],[115.48805338500006,-6.943198517999974],[115.49020612300001,-6.9444341549999535]]],[[[115.46134898000003,-6.948685444999967],[115.45883535900009,-6.948677972999974],[115.45796954200011,-6.9479575929999555],[115.45794520800007,-6.94735228899998],[115.461906698,-6.945870785999944],[115.46257555500006,-6.947304150999969],[115.46134898000003,-6.948685444999967]]],[[[115.432833716,-6.946751110999969],[115.4321632010001,-6.942754878999949],[115.4326980620001,-6.942206264999925],[115.43419377700002,-6.94468556399994],[115.43459683000003,-6.947279342999934],[115.43394623300003,-6.947663260999946],[115.432833716,-6.946751110999969]]],[[[115.47596868400001,-6.942699035999965],[115.47684719000006,-6.94252677999998],[115.47673304600005,-6.941553961999944],[115.47719204400005,-6.941236918999948],[115.48121257200012,-6.942479351999964],[115.48182185500002,-6.9430403969999475],[115.48136221700008,-6.944702326999959],[115.48033566400011,-6.945446882999931],[115.4732548720001,-6.945229194999968],[115.47319858500009,-6.943390756999975],[115.47252410600004,-6.942093847999956],[115.47277734400006,-6.941382132999934],[115.47365283900001,-6.941250537999963],[115.4744102520001,-6.9425667839999505],[115.4752585660001,-6.942153431999941],[115.47596868400001,-6.942699035999965]]],[[[115.38705960100003,-6.93866578899997],[115.38417811200009,-6.939176098999951],[115.38456374500004,-6.936979358999963],[115.38575676800008,-6.936656875999972],[115.38712122200002,-6.937382588999981],[115.38705960100003,-6.93866578899997]]],[[[115.44052240000008,-6.9247930729999325],[115.44061544600004,-6.929394294999952],[115.44023652600004,-6.930529701999944],[115.43936125800008,-6.930773322999926],[115.43888550000008,-6.9289958979999255],[115.43782176000002,-6.929121160999955],[115.43723262900005,-6.92969682599994],[115.43674660600004,-6.932380212999931],[115.43512959100008,-6.933245571999976],[115.43594819500004,-6.934481855999934],[115.4381854940001,-6.9348660119999295],[115.4380787120001,-6.935722908999935],[115.43646599100009,-6.93634515399998],[115.4357050430001,-6.940126172999953],[115.43668051400005,-6.941689940999936],[115.43677431600008,-6.944657022999934],[115.437404248,-6.945679042999927],[115.43710079400012,-6.946246068999926],[115.43433352400007,-6.941544722999936],[115.43285508700001,-6.942003675999956],[115.43173639000008,-6.941797765999979],[115.43117732400003,-6.9404907339999795],[115.4314766330001,-6.939208386999951],[115.43021590000001,-6.93786236699998],[115.43081392200008,-6.937056001999963],[115.43159045100003,-6.936888403999944],[115.43161691700004,-6.936074559999952],[115.43260259700003,-6.935871940999959],[115.43327069500003,-6.935077675999935],[115.43241397700001,-6.934087097999964],[115.43361128200002,-6.93329982299997],[115.43330857400008,-6.932098244999963],[115.43362028400009,-6.931094892999965],[115.43565946800004,-6.929974974999936],[115.43373303500005,-6.928079925999953],[115.43374991300004,-6.92591882499994],[115.43427126000006,-6.925149634999968],[115.43207105900001,-6.9243436159999305],[115.43116064900005,-6.9234114779999345],[115.43196766000005,-6.922248600999978],[115.43311156700008,-6.923085943999979],[115.4339440660001,-6.922932147999973],[115.4348175770001,-6.920883326999956],[115.436149494,-6.9206445129999565],[115.44000406700002,-6.9230036629999745],[115.44052240000008,-6.9247930729999325]]],[[[115.38354350000009,-6.933539739999958],[115.38358386900006,-6.931859122999981],[115.3844310390001,-6.931786077999959],[115.38438830300004,-6.933426533999977],[115.38354350000009,-6.933539739999958]]],[[[115.40554583000005,-6.92696837099993],[115.40603847400007,-6.927517400999932],[115.40532300300003,-6.9278852299999585],[115.40504799500002,-6.927414229999954],[115.40554583000005,-6.92696837099993]]],[[[115.42599188200006,-6.918933300999981],[115.42177366200008,-6.915671527999962],[115.42207926600008,-6.917149701999961],[115.42127904400002,-6.918709462999971],[115.42356565600005,-6.922154271999943],[115.42359822800006,-6.923093431999973],[115.4223367840001,-6.924123210999937],[115.42391188700003,-6.925237533999962],[115.42377339500001,-6.929217421999965],[115.42448197100009,-6.930569829999968],[115.4244186410001,-6.932374595999931],[115.42361957100002,-6.932261379999943],[115.42312866400005,-6.9331838899999525],[115.42205884500004,-6.932341278999957],[115.42116794100002,-6.932446820999928],[115.41974879300005,-6.929358772999933],[115.41872493900007,-6.92828820099993],[115.41721995700004,-6.929362435999963],[115.41833969900006,-6.931576145999941],[115.41732790200001,-6.9330213659999345],[115.41900844800011,-6.9340891559999704],[115.4188589260001,-6.9353869439999585],[115.42048875100011,-6.93601009899993],[115.41980951100004,-6.936883543999954],[115.41825425100001,-6.936929589999977],[115.40966690300002,-6.9334218229999465],[115.41054460100008,-6.934833984999955],[115.41281806400002,-6.936841125999933],[115.4132884390001,-6.9380846999999335],[115.4129501750001,-6.939180290999957],[115.41424070200003,-6.93946473699998],[115.41686875900007,-6.941778691999957],[115.4162453350001,-6.9425307279999515],[115.41330208300008,-6.941975756999966],[115.41230166700007,-6.942512974999943],[115.41186676000007,-6.941117404999943],[115.41030428500005,-6.939613778999956],[115.40855603500006,-6.938806817999932],[115.40827794100005,-6.937382682999953],[115.40883164700006,-6.937103558999979],[115.40909097400004,-6.935859436999976],[115.40823447600008,-6.93464548399993],[115.40841548600008,-6.933577981999974],[115.40616324900009,-6.933197936999932],[115.40706356500004,-6.932342735999953],[115.4070798140001,-6.9317481059999295],[115.40634887600004,-6.929598965999958],[115.40687908000007,-6.928808152999977],[115.40651553500004,-6.928070316999936],[115.40688054400005,-6.926727669999934],[115.406722306,-6.924419464999971],[115.40621841100005,-6.923793286999967],[115.40474476200006,-6.923232842999937],[115.40098089100002,-6.923506822999968],[115.39927581100005,-6.926639037999962],[115.39890395700002,-6.926442511999937],[115.39866467600007,-6.923617801999967],[115.39717253900005,-6.923764490999929],[115.39734949800004,-6.921847327999956],[115.39607046100002,-6.919465979999927],[115.39883104900002,-6.918342301999928],[115.39752688600004,-6.917092066999942],[115.3977954290001,-6.915756890999944],[115.39861692700003,-6.91482678999995],[115.39571257800003,-6.914558449999959],[115.39518439300002,-6.912634562999926],[115.39562096100008,-6.9112508089999665],[115.39778641900011,-6.909725928999933],[115.39799551400006,-6.907968318999963],[115.39749450700003,-6.90704276699995],[115.39467370800003,-6.908021324999936],[115.39448070600008,-6.9058931479999615],[115.39048525200008,-6.904441562999978],[115.39039331800006,-6.903828992999934],[115.38993848700011,-6.903740956999968],[115.388283021,-6.906614071999968],[115.3875221610001,-6.909834570999976],[115.38610052700005,-6.91068744599994],[115.38384960400003,-6.910805451999977],[115.38357489900011,-6.913273902999947],[115.38488132400005,-6.915533792999952],[115.38444680300006,-6.916887849999966],[115.38289808000002,-6.9169216909999705],[115.38203000700003,-6.917856652999944],[115.382375851,-6.922434439999961],[115.38121043700005,-6.92331717899998],[115.38116107400003,-6.92161878099995],[115.38024881100011,-6.919303146999937],[115.38146971900005,-6.915779192999935],[115.38150532600002,-6.914351734999968],[115.37947231600003,-6.914151201999971],[115.37928408200003,-6.91280401299997],[115.3783570270001,-6.911798400999942],[115.37850832400011,-6.911088314999972],[115.37941550900007,-6.910433417999968],[115.37976376000006,-6.909112567999955],[115.37811717300008,-6.904864759999953],[115.37850804600009,-6.899269683999933],[115.37782665400005,-6.899846292999939],[115.37658067300003,-6.899296686999946],[115.37376870700007,-6.900722254999948],[115.37216824300003,-6.899447663999979],[115.37207624700011,-6.9002852039999425],[115.37330537100001,-6.903745180999977],[115.37258542100005,-6.9044777019999515],[115.36949406600002,-6.905197261999945],[115.36799245000009,-6.906271652999976],[115.36831338500008,-6.908468384999935],[115.36765958000001,-6.910183181999969],[115.36547851700004,-6.909714507999979],[115.36547851700004,-6.906127930999958],[115.36627197300004,-6.903076171999942],[115.36791992100007,-6.900512694999975],[115.36810302700007,-6.8991699239999775],[115.36627197300004,-6.896118163999972],[115.36608886800002,-6.889526365999927],[115.36328125000011,-6.8820800779999445],[115.36389160300007,-6.881408690999933],[115.36328125000011,-6.872497560999932],[115.365061448,-6.866796428999976],[115.36246783600006,-6.867129553999973],[115.36201573800008,-6.866606071999968],[115.36065944500001,-6.866986787999963],[115.35925556400002,-6.868818970999939],[115.35642400600011,-6.868343078999942],[115.35554360300011,-6.86682022399998],[115.35344968000004,-6.866796428999976],[115.35230753700012,-6.8677720079999744],[115.34804830200005,-6.86170438299996],[115.34395562800012,-6.861656793999941],[115.3370266390001,-6.860200564999957],[115.33537053400005,-6.858849029999931],[115.33305769800006,-6.8590584219999755],[115.3324866270001,-6.858011458999954],[115.33095092300005,-6.857446771999946],[115.3311337990001,-6.855896540999936],[115.32945306900001,-6.8517626609999525],[115.32957894800006,-6.851137620999964],[115.33102912900006,-6.851367222999954],[115.33289352800011,-6.853383442999927],[115.33697565600005,-6.849681536999981],[115.3376922650001,-6.848124670999937],[115.33694968800012,-6.847193513999969],[115.33584649900001,-6.847260713999958],[115.33573632900004,-6.8454912809999655],[115.33636783000009,-6.844116622999934],[115.33580851800002,-6.8430282289999695],[115.33374737700001,-6.841704122999943],[115.3382039170001,-6.84259478599995],[115.34184042400011,-6.840774764999935],[115.34631815600005,-6.839733443999933],[115.34727268200004,-6.83873349199996],[115.34799233600006,-6.835913528999981],[115.3498882450001,-6.834011305999979],[115.34924940000008,-6.833757986999956],[115.35735259800003,-6.834356389999925],[115.36601852400008,-6.833583897999972],[115.36850891400002,-6.833797855999933],[115.37209189700002,-6.834901512999977],[115.3800933660001,-6.835538447999966],[115.39188441200008,-6.8344921789999376],[115.40530092300003,-6.836896539999941],[115.41048555300006,-6.838859802999934],[115.41310562400008,-6.840393198999948],[115.42444053400004,-6.843236544999968],[115.42741344100011,-6.844728406999934],[115.43170060600005,-6.845604918999925],[115.43320258000006,-6.846339318999981],[115.43423431800011,-6.845917418999932],[115.43645901400009,-6.846583339999938],[115.43915513800005,-6.848739696999928],[115.43939147100002,-6.84982245599997],[115.44056651500011,-6.85011224699997],[115.44243878700001,-6.84938305299994],[115.44332136500009,-6.849525686999925],[115.44900980300008,-6.851491098999929],[115.44963787200004,-6.852610008999932],[115.4503922880001,-6.852249456999971],[115.45231640100008,-6.852745010999968],[115.45539608100012,-6.85477248199993],[115.45899805600004,-6.855516694999949],[115.46698205300004,-6.858896743999935],[115.46860502800007,-6.860071157999926],[115.4765963960001,-6.862999806999937],[115.47861778100003,-6.8643283939999264],[115.47967486700009,-6.865767948999974],[115.48037859400006,-6.865599548999967],[115.48573705900003,-6.867829215999961],[115.48973653000007,-6.8708107319999385],[115.5001240360001,-6.875209775999963],[115.50358233100008,-6.875702497999953],[115.5080658820001,-6.877284557999928],[115.51399934400001,-6.8805206359999715],[115.51797676300009,-6.88120638099997],[115.52765022900007,-6.888234072999978],[115.530302903,-6.89103644599993],[115.53228106300003,-6.892023775999974],[115.53568010200001,-6.8962021989999585],[115.53943617700008,-6.89870523299993],[115.54250661900005,-6.901640844999974],[115.54775911800004,-6.9032690159999675],[115.554219493,-6.902859871999965],[115.55688680200001,-6.904197561999979],[115.55960000800007,-6.906309920999945],[115.56312860900005,-6.913576765999949],[115.56388381200009,-6.921022960999949],[115.56446703100005,-6.922401351999952],[115.56696279800008,-6.924881956999968],[115.56917574400006,-6.925885737999977],[115.57471511100005,-6.930003087999978],[115.57545297200011,-6.930746712999962],[115.57590880600003,-6.932341573999963],[115.5755785550001,-6.933531001999938],[115.57390656700011,-6.9333432379999635],[115.57230755900002,-6.934373124999979],[115.57266097200011,-6.935226296999929],[115.5718738160001,-6.936669681999945],[115.57226080300006,-6.937802670999929],[115.57064879200004,-6.939155352999933],[115.57119587700004,-6.942163750999953],[115.57027955900003,-6.943337387999975],[115.569176717,-6.94361513399997],[115.56883961500012,-6.944166232999976],[115.56743802100004,-6.943311005999931],[115.56376506800007,-6.944267084999979],[115.56330966300004,-6.945028599999944],[115.56364007000002,-6.94705870699994],[115.56309705400008,-6.948092434999978],[115.56096271400008,-6.949105958999951],[115.55891606300008,-6.949108573999979],[115.55585820400006,-6.952232126999945],[115.55307152600005,-6.952017563999959],[115.55243590100008,-6.954939456999966],[115.5534751990001,-6.955796145999955],[115.55324800200003,-6.9567550669999605],[115.55406619500002,-6.9570044269999585],[115.55411666100008,-6.957822851999936],[115.55102174000001,-6.96488280799997],[115.55004934100009,-6.965769707999925],[115.54816245600011,-6.966060504999973],[115.54621229500003,-6.965295140999956],[115.53964528900008,-6.960655182999972],[115.53920060700011,-6.960784980999961],[115.53620334200002,-6.959026617999939],[115.53380371300011,-6.956994585999951],[115.53354167100008,-6.955926056999942],[115.53232777000005,-6.955573737999941],[115.53109074400004,-6.9543114219999325],[115.53057212600004,-6.953201691999936],[115.5288550460001,-6.952436959999943],[115.52884706800012,-6.951295337999966],[115.51919538700008,-6.945173541999964],[115.5155999640001,-6.945535286999927],[115.51420290100009,-6.946145156999933],[115.51199527200004,-6.945154940999942],[115.50907272500001,-6.9457166699999675],[115.501793367,-6.948596582999926],[115.50247102700007,-6.950096492999933],[115.50192215100003,-6.95060381299993],[115.49726712500001,-6.948651229999939],[115.49490444800006,-6.945872676999954],[115.49440291100007,-6.944527611999945],[115.49451050200003,-6.943819177999956],[115.49625783700003,-6.943044080999925],[115.49656539400007,-6.9412156059999575],[115.49568669700011,-6.940476678999971],[115.49386842700005,-6.940177529999971],[115.49228782300008,-6.938615081999956],[115.49378755700002,-6.936374963999981],[115.49360377400001,-6.936003945999971],[115.49146278100011,-6.935068040999965],[115.49015600700011,-6.93685047799994],[115.48810666800011,-6.936886998999967],[115.48768662200007,-6.935549606999928],[115.48810064200006,-6.93423097699997],[115.48777333400005,-6.933055793999927],[115.48801221100007,-6.929901880999978],[115.48537700600002,-6.927448584999979],[115.48490359000004,-6.92751157899994],[115.48587714000007,-6.929310077999958],[115.48541902400007,-6.930611762999945],[115.48578815100007,-6.931750229999977],[115.48433385300007,-6.934014842999943],[115.48231646600004,-6.933825117999959],[115.48153581400004,-6.933340545999954],[115.48121062000007,-6.932420721999961],[115.47950668500005,-6.9325027859999295],[115.47769230900008,-6.931071690999943],[115.47623547300009,-6.93096481799995],[115.47595077300002,-6.930558874999974],[115.47691722400009,-6.929355139999927],[115.47681113300007,-6.928139139999928],[115.47811724300004,-6.92592676299995],[115.47932098800004,-6.925764081999944],[115.48036697400005,-6.92627241699995],[115.47832620200006,-6.924483085999952],[115.47588810900004,-6.923744495999927],[115.4756134810001,-6.9231252909999625],[115.47403645200006,-6.924224031999927],[115.47314866600004,-6.926659351999945],[115.47152662200006,-6.927017642999942],[115.47110865900004,-6.928839806999974],[115.47062354800005,-6.929150566999965],[115.46960725300005,-6.928569203999928],[115.46860295500005,-6.929795169999977],[115.46782362600004,-6.929833223999935],[115.46786228100007,-6.930588143999955],[115.46743120100007,-6.930842520999931],[115.46607952400007,-6.931030878999934],[115.46476604200006,-6.930327652999949],[115.46385579700006,-6.931813121999937],[115.46150888400007,-6.932010244999958],[115.4590348260001,-6.933525410999948],[115.45855207300008,-6.932676190999928],[115.45922948000009,-6.9313936429999785],[115.45845156100006,-6.9299785989999805],[115.4587021320001,-6.928700670999945],[115.4576753340001,-6.928186068999935],[115.45648018000009,-6.930233208999937],[115.45531744700008,-6.930632421999974],[115.45460897100008,-6.931532820999962],[115.45392252300007,-6.93153252299993],[115.45361813400007,-6.931021419999979],[115.45485292900003,-6.927846060999968],[115.45734896400006,-6.925792332999947],[115.45815020300006,-6.924538644999927],[115.46195079900008,-6.921766691999949],[115.46061894800005,-6.921698486999958],[115.45709499300006,-6.9200817749999715],[115.45504122300008,-6.920977515999937],[115.45492896400003,-6.919707608999943],[115.45555403800006,-6.918019451999953],[115.45510515800004,-6.916442153999981],[115.45588147700005,-6.914330704999941],[115.45535652800004,-6.913401194999949],[115.45417728300004,-6.912710650999941],[115.4532961760001,-6.912902109999948],[115.45301266400008,-6.912493486999949],[115.45116661000009,-6.913494090999961],[115.44909157900008,-6.911041560999934],[115.44712766800001,-6.9111929229999305],[115.44537249600012,-6.911989560999928],[115.44684058700011,-6.915586563999966],[115.4461259950001,-6.916671440999949],[115.44449877800002,-6.916365138999936],[115.44410800600008,-6.917203596999968],[115.44682765000005,-6.919938288999958],[115.44586198500008,-6.92470340999995],[115.44459271200003,-6.9233563129999425],[115.44484178500011,-6.922569568999961],[115.44276835900007,-6.921278408999967],[115.44234454500008,-6.919675780999967],[115.44138122300001,-6.9190702629999805],[115.44020211500003,-6.920363413999951],[115.43875315200012,-6.920290379999926],[115.43694763700012,-6.919446499999935],[115.43391578300009,-6.92089735899998],[115.4318293990001,-6.9200919629999476],[115.43099269400011,-6.916571211999951],[115.43085969800006,-6.917534659999944],[115.42972221700006,-6.918274107999935],[115.42810938800005,-6.91666805899996],[115.42713970700004,-6.918353871999955],[115.42599188200006,-6.918933300999981]]],[[[115.55618671500008,-6.965909228999976],[115.55521445200009,-6.967817540999931],[115.55216089400005,-6.968220978999966],[115.55302652500006,-6.967881256999931],[115.55324333300007,-6.966414947999965],[115.55276824400005,-6.965406067999936],[115.55351109900005,-6.963755730999935],[115.5558070940001,-6.963189709999938],[115.55625189000011,-6.96414460799997],[115.55618671500008,-6.965909228999976]]],[[[115.52447509800004,-6.9584123479999676],[115.525372489,-6.958363752999958],[115.52578665300007,-6.959396918999971],[115.52472872400006,-6.959383131999971],[115.52447509800004,-6.9584123479999676]]],[[[115.50743471500004,-6.959437605999938],[115.5057575510001,-6.958865344999936],[115.50404107500003,-6.959205913999938],[115.50313105600003,-6.958088264999958],[115.50400858400008,-6.95714569699993],[115.50521134100006,-6.957328556999926],[115.50670023200007,-6.956878548999953],[115.50779428700002,-6.9578052699999375],[115.50743471500004,-6.959437605999938]]],[[[115.5226472490001,-6.95933085799993],[115.52048867300005,-6.960514667999973],[115.51860601400006,-6.960557508999955],[115.51812183900006,-6.960112250999941],[115.5187204340001,-6.958996199999945],[115.52068130500004,-6.957936368999981],[115.52145246000009,-6.95620312099993],[115.52275853700007,-6.955120658999931],[115.52195149400006,-6.95395457199993],[115.5232496320001,-6.952968815999952],[115.52456391900012,-6.953583761999937],[115.52512088600008,-6.9571929249999584],[115.52340238600004,-6.957728584999927],[115.5226472490001,-6.95933085799993]]],[[[115.4985507780001,-6.95792961799998],[115.497712879,-6.957131424999943],[115.49838425500002,-6.954195122999977],[115.50147452200008,-6.955083707999961],[115.50270990600006,-6.956543307999937],[115.50243992600008,-6.957272400999955],[115.500860579,-6.958324024999968],[115.4985507780001,-6.95792961799998]]],[[[115.50471128900006,-6.951295949999974],[115.50487012600001,-6.952153686999964],[115.50369704000002,-6.9527482019999525],[115.5044938100001,-6.953603081999972],[115.50437246600006,-6.954053228999953],[115.5024649930001,-6.954316498999958],[115.50152989000003,-6.953861582999934],[115.50338557000009,-6.951078563999943],[115.50471128900006,-6.951295949999974]]],[[[115.50125727800003,-6.951009836999958],[115.50157378900008,-6.95124915599996],[115.50111164400005,-6.95128551199997],[115.50125727800003,-6.951009836999958]]],[[[115.50128173700011,-6.950723295999978],[115.50101215200004,-6.9510963529999685],[115.50078072600002,-6.950989093999965],[115.50097489600012,-6.950752954999928],[115.50128173700011,-6.950723295999978]]],[[[115.50050433800004,-6.950508897999953],[115.50061811,-6.950817884999935],[115.50036305000003,-6.9507779579999465],[115.50050433800004,-6.950508897999953]]],[[[115.50567144200011,-6.951112619999947],[115.50571001300011,-6.950089529999957],[115.50673935800012,-6.949212187999933],[115.507941759,-6.948871256999951],[115.50868504300001,-6.949283117999926],[115.50894679200007,-6.9507525959999725],[115.50743067300004,-6.952363774999981],[115.50567144200011,-6.951112619999947]]],[[[115.51968822000003,-6.946918370999981],[115.5222375080001,-6.948793777999981],[115.52236201400001,-6.950463149999962],[115.5208197180001,-6.950351710999939],[115.51988652600005,-6.951995622999959],[115.51812153200001,-6.952648137999972],[115.5164010200001,-6.950318983999978],[115.51469176300009,-6.9493131629999425],[115.51393943000005,-6.950995869999929],[115.51249095100002,-6.952067132999957],[115.50934997700006,-6.949783279999963],[115.50882044500008,-6.9482757119999405],[115.50902799200003,-6.94760953499997],[115.50981528600005,-6.947216225999966],[115.51375415200005,-6.947397897999963],[115.5162458640001,-6.946277398999939],[115.51760748100003,-6.946859851999932],[115.51968822000003,-6.946918370999981]]],[[[115.65579061100004,-6.7182284899999445],[115.65631500000006,-6.718919999999969],[115.65547400000003,-6.7215739999999755],[115.6549490000001,-6.719382999999937],[115.65579061100004,-6.7182284899999445]]],[[[115.63484300000005,-6.672455999999954],[115.63530200000002,-6.671163999999976],[115.63640500000008,-6.6703039999999305],[115.63673400000005,-6.6720379999999295],[115.63529400000004,-6.674253999999962],[115.63484300000005,-6.672455999999954]]],[[[115.73725100000001,-6.652893999999947],[115.73749200000009,-6.653443999999979],[115.73686000000009,-6.655457999999953],[115.73673900000006,-6.655205999999964],[115.73725100000001,-6.652893999999947]]],[[[115.7138450000001,-6.6325049999999806],[115.71557500000006,-6.631463999999937],[115.71535900000003,-6.6332799999999565],[115.71295700000007,-6.634849999999972],[115.7138450000001,-6.6325049999999806]]],[[[115.51262300000008,-6.606125999999961],[115.5130630000001,-6.605051999999944],[115.51334500000007,-6.606567999999925],[115.51271600000007,-6.608383999999944],[115.51262300000008,-6.606125999999961]]],[[[115.54427500000008,-6.56158199999993],[115.54540900000006,-6.561283999999944],[115.54612000000009,-6.561602999999934],[115.545162,-6.562672999999961],[115.54387000000008,-6.562311999999963],[115.54427500000008,-6.56158199999993]]],[[[115.74894289600002,-6.486468297999977],[115.74837182600004,-6.48301332099993],[115.75060100000007,-6.484329999999943],[115.75104313400004,-6.485208095999951],[115.75034201900007,-6.486316011999975],[115.74894289600002,-6.486468297999977]]]]}}]}